country_iso2_id,country_name,admin_lvl1_id,admin_lvl1_name,period_date,dengue_total_cases
LKA,Sri Lanka,LK.CO,Colombo,20100101,584
LKA,Sri Lanka,LK.CO,Colombo,20100201,606
LKA,Sri Lanka,LK.CO,Colombo,20100301,294
LKA,Sri Lanka,LK.CO,Colombo,20100401,224
LKA,Sri Lanka,LK.CO,Colombo,20100501,296
LKA,Sri Lanka,LK.CO,Colombo,20100601,700
LKA,Sri Lanka,LK.CO,Colombo,20100701,1530
LKA,Sri Lanka,LK.CO,Colombo,20100801,881
LKA,Sri Lanka,LK.CO,Colombo,20100901,312
LKA,Sri Lanka,LK.CO,Colombo,20101001,267
LKA,Sri Lanka,LK.CO,Colombo,20101101,97
LKA,Sri Lanka,LK.CO,Colombo,20101201,146
LKA,Sri Lanka,LK.CO,Colombo,20110101,309
LKA,Sri Lanka,LK.CO,Colombo,20110201,392
LKA,Sri Lanka,LK.CO,Colombo,20110301,340
LKA,Sri Lanka,LK.CO,Colombo,20110401,528
LKA,Sri Lanka,LK.CO,Colombo,20110501,698
LKA,Sri Lanka,LK.CO,Colombo,20110601,1610
LKA,Sri Lanka,LK.CO,Colombo,20110701,2085
LKA,Sri Lanka,LK.CO,Colombo,20110801,824
LKA,Sri Lanka,LK.CO,Colombo,20110901,863
LKA,Sri Lanka,LK.CO,Colombo,20111001,599
LKA,Sri Lanka,LK.CO,Colombo,20111101,536
LKA,Sri Lanka,LK.CO,Colombo,20111201,1339
LKA,Sri Lanka,LK.CO,Colombo,20120101,1066
LKA,Sri Lanka,LK.CO,Colombo,20120201,744
LKA,Sri Lanka,LK.CO,Colombo,20120301,630
LKA,Sri Lanka,LK.CO,Colombo,20120401,412
LKA,Sri Lanka,LK.CO,Colombo,20120501,583
LKA,Sri Lanka,LK.CO,Colombo,20120601,1251
LKA,Sri Lanka,LK.CO,Colombo,20120701,1314
LKA,Sri Lanka,LK.CO,Colombo,20120801,1231
LKA,Sri Lanka,LK.CO,Colombo,20120901,525
LKA,Sri Lanka,LK.CO,Colombo,20121001,726
LKA,Sri Lanka,LK.CO,Colombo,20121101,853
LKA,Sri Lanka,LK.CO,Colombo,20121201,682
LKA,Sri Lanka,LK.CO,Colombo,20130101,757
LKA,Sri Lanka,LK.CO,Colombo,20130201,845
LKA,Sri Lanka,LK.CO,Colombo,20130301,791
LKA,Sri Lanka,LK.CO,Colombo,20130401,610
LKA,Sri Lanka,LK.CO,Colombo,20130501,748
LKA,Sri Lanka,LK.CO,Colombo,20130601,830
LKA,Sri Lanka,LK.CO,Colombo,20130701,1168
LKA,Sri Lanka,LK.CO,Colombo,20130801,1298
LKA,Sri Lanka,LK.CO,Colombo,20130901,685
LKA,Sri Lanka,LK.CO,Colombo,20131001,619
LKA,Sri Lanka,LK.CO,Colombo,20131101,1173
LKA,Sri Lanka,LK.CO,Colombo,20131201,1259
LKA,Sri Lanka,LK.CO,Colombo,20140101,1346
LKA,Sri Lanka,LK.CO,Colombo,20140201,684
LKA,Sri Lanka,LK.CO,Colombo,20140301,488
LKA,Sri Lanka,LK.CO,Colombo,20140401,539
LKA,Sri Lanka,LK.CO,Colombo,20140501,1744
LKA,Sri Lanka,LK.CO,Colombo,20140601,2289
LKA,Sri Lanka,LK.CO,Colombo,20140701,1859
LKA,Sri Lanka,LK.CO,Colombo,20140801,1104
LKA,Sri Lanka,LK.CO,Colombo,20140901,706
LKA,Sri Lanka,LK.CO,Colombo,20141001,1089
LKA,Sri Lanka,LK.CO,Colombo,20141101,1448
LKA,Sri Lanka,LK.CO,Colombo,20141201,1415
LKA,Sri Lanka,LK.CO,Colombo,20150101,1802
LKA,Sri Lanka,LK.CO,Colombo,20150201,1101
LKA,Sri Lanka,LK.CO,Colombo,20150301,537
LKA,Sri Lanka,LK.CO,Colombo,20150401,317
LKA,Sri Lanka,LK.CO,Colombo,20150501,515
LKA,Sri Lanka,LK.CO,Colombo,20150601,515
LKA,Sri Lanka,LK.CO,Colombo,20150701,907
LKA,Sri Lanka,LK.CO,Colombo,20150801,711
LKA,Sri Lanka,LK.CO,Colombo,20150901,401
LKA,Sri Lanka,LK.CO,Colombo,20151001,769
LKA,Sri Lanka,LK.CO,Colombo,20151101,985
LKA,Sri Lanka,LK.CO,Colombo,20151201,1321
LKA,Sri Lanka,LK.CO,Colombo,20160101,2184
LKA,Sri Lanka,LK.CO,Colombo,20160201,1569
LKA,Sri Lanka,LK.CO,Colombo,20160301,1016
LKA,Sri Lanka,LK.CO,Colombo,20160401,942
LKA,Sri Lanka,LK.CO,Colombo,20160501,693
LKA,Sri Lanka,LK.CO,Colombo,20160601,1459
LKA,Sri Lanka,LK.CO,Colombo,20160701,3163
LKA,Sri Lanka,LK.CO,Colombo,20160801,1478
LKA,Sri Lanka,LK.CO,Colombo,20160901,939
LKA,Sri Lanka,LK.GQ,Gampaha,20100101,608
LKA,Sri Lanka,LK.GQ,Gampaha,20100201,623
LKA,Sri Lanka,LK.GQ,Gampaha,20100301,306
LKA,Sri Lanka,LK.GQ,Gampaha,20100401,205
LKA,Sri Lanka,LK.GQ,Gampaha,20100501,295
LKA,Sri Lanka,LK.GQ,Gampaha,20100601,381
LKA,Sri Lanka,LK.GQ,Gampaha,20100701,686
LKA,Sri Lanka,LK.GQ,Gampaha,20100801,417
LKA,Sri Lanka,LK.GQ,Gampaha,20100901,174
LKA,Sri Lanka,LK.GQ,Gampaha,20101001,101
LKA,Sri Lanka,LK.GQ,Gampaha,20101101,77
LKA,Sri Lanka,LK.GQ,Gampaha,20101201,87
LKA,Sri Lanka,LK.GQ,Gampaha,20110101,134
LKA,Sri Lanka,LK.GQ,Gampaha,20110201,119
LKA,Sri Lanka,LK.GQ,Gampaha,20110301,141
LKA,Sri Lanka,LK.GQ,Gampaha,20110401,183
LKA,Sri Lanka,LK.GQ,Gampaha,20110501,218
LKA,Sri Lanka,LK.GQ,Gampaha,20110601,537
LKA,Sri Lanka,LK.GQ,Gampaha,20110701,911
LKA,Sri Lanka,LK.GQ,Gampaha,20110801,428
LKA,Sri Lanka,LK.GQ,Gampaha,20110901,367
LKA,Sri Lanka,LK.GQ,Gampaha,20111001,321
LKA,Sri Lanka,LK.GQ,Gampaha,20111101,347
LKA,Sri Lanka,LK.GQ,Gampaha,20111201,668
LKA,Sri Lanka,LK.GQ,Gampaha,20120101,847
LKA,Sri Lanka,LK.GQ,Gampaha,20120201,640
LKA,Sri Lanka,LK.GQ,Gampaha,20120301,447
LKA,Sri Lanka,LK.GQ,Gampaha,20120401,367
LKA,Sri Lanka,LK.GQ,Gampaha,20120501,397
LKA,Sri Lanka,LK.GQ,Gampaha,20120601,1180
LKA,Sri Lanka,LK.GQ,Gampaha,20120701,969
LKA,Sri Lanka,LK.GQ,Gampaha,20120801,884
LKA,Sri Lanka,LK.GQ,Gampaha,20120901,479
LKA,Sri Lanka,LK.GQ,Gampaha,20121001,570
LKA,Sri Lanka,LK.GQ,Gampaha,20121101,737
LKA,Sri Lanka,LK.GQ,Gampaha,20121201,489
LKA,Sri Lanka,LK.GQ,Gampaha,20130101,463
LKA,Sri Lanka,LK.GQ,Gampaha,20130201,321
LKA,Sri Lanka,LK.GQ,Gampaha,20130301,289
LKA,Sri Lanka,LK.GQ,Gampaha,20130401,212
LKA,Sri Lanka,LK.GQ,Gampaha,20130501,319
LKA,Sri Lanka,LK.GQ,Gampaha,20130601,273
LKA,Sri Lanka,LK.GQ,Gampaha,20130701,385
LKA,Sri Lanka,LK.GQ,Gampaha,20130801,394
LKA,Sri Lanka,LK.GQ,Gampaha,20130901,245
LKA,Sri Lanka,LK.GQ,Gampaha,20131001,237
LKA,Sri Lanka,LK.GQ,Gampaha,20131101,383
LKA,Sri Lanka,LK.GQ,Gampaha,20131201,308
LKA,Sri Lanka,LK.GQ,Gampaha,20140101,632
LKA,Sri Lanka,LK.GQ,Gampaha,20140201,279
LKA,Sri Lanka,LK.GQ,Gampaha,20140301,191
LKA,Sri Lanka,LK.GQ,Gampaha,20140401,280
LKA,Sri Lanka,LK.GQ,Gampaha,20140501,921
LKA,Sri Lanka,LK.GQ,Gampaha,20140601,1111
LKA,Sri Lanka,LK.GQ,Gampaha,20140701,932
LKA,Sri Lanka,LK.GQ,Gampaha,20140801,772
LKA,Sri Lanka,LK.GQ,Gampaha,20140901,569
LKA,Sri Lanka,LK.GQ,Gampaha,20141001,1015
LKA,Sri Lanka,LK.GQ,Gampaha,20141101,1111
LKA,Sri Lanka,LK.GQ,Gampaha,20141201,998
LKA,Sri Lanka,LK.GQ,Gampaha,20150101,817
LKA,Sri Lanka,LK.GQ,Gampaha,20150201,492
LKA,Sri Lanka,LK.GQ,Gampaha,20150301,255
LKA,Sri Lanka,LK.GQ,Gampaha,20150401,193
LKA,Sri Lanka,LK.GQ,Gampaha,20150501,264
LKA,Sri Lanka,LK.GQ,Gampaha,20150601,225
LKA,Sri Lanka,LK.GQ,Gampaha,20150701,317
LKA,Sri Lanka,LK.GQ,Gampaha,20150801,233
LKA,Sri Lanka,LK.GQ,Gampaha,20150901,186
LKA,Sri Lanka,LK.GQ,Gampaha,20151001,277
LKA,Sri Lanka,LK.GQ,Gampaha,20151101,387
LKA,Sri Lanka,LK.GQ,Gampaha,20151201,496
LKA,Sri Lanka,LK.GQ,Gampaha,20160101,842
LKA,Sri Lanka,LK.GQ,Gampaha,20160201,615
LKA,Sri Lanka,LK.GQ,Gampaha,20160301,260
LKA,Sri Lanka,LK.GQ,Gampaha,20160401,276
LKA,Sri Lanka,LK.GQ,Gampaha,20160501,221
LKA,Sri Lanka,LK.GQ,Gampaha,20160601,555
LKA,Sri Lanka,LK.GQ,Gampaha,20160701,1625
LKA,Sri Lanka,LK.GQ,Gampaha,20160801,687
LKA,Sri Lanka,LK.GQ,Gampaha,20160901,513
LKA,Sri Lanka,LK.KT,Kalutara,20100101,121
LKA,Sri Lanka,LK.KT,Kalutara,20100201,124
LKA,Sri Lanka,LK.KT,Kalutara,20100301,119
LKA,Sri Lanka,LK.KT,Kalutara,20100401,114
LKA,Sri Lanka,LK.KT,Kalutara,20100501,185
LKA,Sri Lanka,LK.KT,Kalutara,20100601,294
LKA,Sri Lanka,LK.KT,Kalutara,20100701,420
LKA,Sri Lanka,LK.KT,Kalutara,20100801,215
LKA,Sri Lanka,LK.KT,Kalutara,20100901,122
LKA,Sri Lanka,LK.KT,Kalutara,20101001,56
LKA,Sri Lanka,LK.KT,Kalutara,20101101,23
LKA,Sri Lanka,LK.KT,Kalutara,20101201,19
LKA,Sri Lanka,LK.KT,Kalutara,20110101,48
LKA,Sri Lanka,LK.KT,Kalutara,20110201,52
LKA,Sri Lanka,LK.KT,Kalutara,20110301,57
LKA,Sri Lanka,LK.KT,Kalutara,20110401,133
LKA,Sri Lanka,LK.KT,Kalutara,20110501,148
LKA,Sri Lanka,LK.KT,Kalutara,20110601,185
LKA,Sri Lanka,LK.KT,Kalutara,20110701,188
LKA,Sri Lanka,LK.KT,Kalutara,20110801,107
LKA,Sri Lanka,LK.KT,Kalutara,20110901,93
LKA,Sri Lanka,LK.KT,Kalutara,20111001,100
LKA,Sri Lanka,LK.KT,Kalutara,20111101,111
LKA,Sri Lanka,LK.KT,Kalutara,20111201,194
LKA,Sri Lanka,LK.KT,Kalutara,20120101,180
LKA,Sri Lanka,LK.KT,Kalutara,20120201,260
LKA,Sri Lanka,LK.KT,Kalutara,20120301,209
LKA,Sri Lanka,LK.KT,Kalutara,20120401,205
LKA,Sri Lanka,LK.KT,Kalutara,20120501,182
LKA,Sri Lanka,LK.KT,Kalutara,20120601,364
LKA,Sri Lanka,LK.KT,Kalutara,20120701,348
LKA,Sri Lanka,LK.KT,Kalutara,20120801,339
LKA,Sri Lanka,LK.KT,Kalutara,20120901,156
LKA,Sri Lanka,LK.KT,Kalutara,20121001,192
LKA,Sri Lanka,LK.KT,Kalutara,20121101,213
LKA,Sri Lanka,LK.KT,Kalutara,20121201,143
LKA,Sri Lanka,LK.KT,Kalutara,20130101,159
LKA,Sri Lanka,LK.KT,Kalutara,20130201,153
LKA,Sri Lanka,LK.KT,Kalutara,20130301,168
LKA,Sri Lanka,LK.KT,Kalutara,20130401,115
LKA,Sri Lanka,LK.KT,Kalutara,20130501,164
LKA,Sri Lanka,LK.KT,Kalutara,20130601,140
LKA,Sri Lanka,LK.KT,Kalutara,20130701,178
LKA,Sri Lanka,LK.KT,Kalutara,20130801,210
LKA,Sri Lanka,LK.KT,Kalutara,20130901,148
LKA,Sri Lanka,LK.KT,Kalutara,20131001,108
LKA,Sri Lanka,LK.KT,Kalutara,20131101,166
LKA,Sri Lanka,LK.KT,Kalutara,20131201,219
LKA,Sri Lanka,LK.KT,Kalutara,20140101,267
LKA,Sri Lanka,LK.KT,Kalutara,20140201,175
LKA,Sri Lanka,LK.KT,Kalutara,20140301,111
LKA,Sri Lanka,LK.KT,Kalutara,20140401,117
LKA,Sri Lanka,LK.KT,Kalutara,20140501,241
LKA,Sri Lanka,LK.KT,Kalutara,20140601,429
LKA,Sri Lanka,LK.KT,Kalutara,20140701,389
LKA,Sri Lanka,LK.KT,Kalutara,20140801,239
LKA,Sri Lanka,LK.KT,Kalutara,20140901,138
LKA,Sri Lanka,LK.KT,Kalutara,20141001,158
LKA,Sri Lanka,LK.KT,Kalutara,20141101,182
LKA,Sri Lanka,LK.KT,Kalutara,20141201,185
LKA,Sri Lanka,LK.KT,Kalutara,20150101,276
LKA,Sri Lanka,LK.KT,Kalutara,20150201,180
LKA,Sri Lanka,LK.KT,Kalutara,20150301,106
LKA,Sri Lanka,LK.KT,Kalutara,20150401,72
LKA,Sri Lanka,LK.KT,Kalutara,20150501,86
LKA,Sri Lanka,LK.KT,Kalutara,20150601,78
LKA,Sri Lanka,LK.KT,Kalutara,20150701,125
LKA,Sri Lanka,LK.KT,Kalutara,20150801,92
LKA,Sri Lanka,LK.KT,Kalutara,20150901,57
LKA,Sri Lanka,LK.KT,Kalutara,20151001,118
LKA,Sri Lanka,LK.KT,Kalutara,20151101,167
LKA,Sri Lanka,LK.KT,Kalutara,20151201,202
LKA,Sri Lanka,LK.KT,Kalutara,20160101,321
LKA,Sri Lanka,LK.KT,Kalutara,20160201,294
LKA,Sri Lanka,LK.KT,Kalutara,20160301,197
LKA,Sri Lanka,LK.KT,Kalutara,20160401,312
LKA,Sri Lanka,LK.KT,Kalutara,20160501,241
LKA,Sri Lanka,LK.KT,Kalutara,20160601,343
LKA,Sri Lanka,LK.KT,Kalutara,20160701,683
LKA,Sri Lanka,LK.KT,Kalutara,20160801,286
LKA,Sri Lanka,LK.KT,Kalutara,20160901,187
LKA,Sri Lanka,LK.KY,Kandy,20100101,211
LKA,Sri Lanka,LK.KY,Kandy,20100201,174
LKA,Sri Lanka,LK.KY,Kandy,20100301,116
LKA,Sri Lanka,LK.KY,Kandy,20100401,89
LKA,Sri Lanka,LK.KY,Kandy,20100501,114
LKA,Sri Lanka,LK.KY,Kandy,20100601,176
LKA,Sri Lanka,LK.KY,Kandy,20100701,341
LKA,Sri Lanka,LK.KY,Kandy,20100801,230
LKA,Sri Lanka,LK.KY,Kandy,20100901,91
LKA,Sri Lanka,LK.KY,Kandy,20101001,64
LKA,Sri Lanka,LK.KY,Kandy,20101101,22
LKA,Sri Lanka,LK.KY,Kandy,20101201,16
LKA,Sri Lanka,LK.KY,Kandy,20110101,26
LKA,Sri Lanka,LK.KY,Kandy,20110201,28
LKA,Sri Lanka,LK.KY,Kandy,20110301,32
LKA,Sri Lanka,LK.KY,Kandy,20110401,62
LKA,Sri Lanka,LK.KY,Kandy,20110501,53
LKA,Sri Lanka,LK.KY,Kandy,20110601,81
LKA,Sri Lanka,LK.KY,Kandy,20110701,218
LKA,Sri Lanka,LK.KY,Kandy,20110801,99
LKA,Sri Lanka,LK.KY,Kandy,20110901,251
LKA,Sri Lanka,LK.KY,Kandy,20111001,255
LKA,Sri Lanka,LK.KY,Kandy,20111101,182
LKA,Sri Lanka,LK.KY,Kandy,20111201,348
LKA,Sri Lanka,LK.KY,Kandy,20120101,270
LKA,Sri Lanka,LK.KY,Kandy,20120201,194
LKA,Sri Lanka,LK.KY,Kandy,20120301,114
LKA,Sri Lanka,LK.KY,Kandy,20120401,122
LKA,Sri Lanka,LK.KY,Kandy,20120501,194
LKA,Sri Lanka,LK.KY,Kandy,20120601,298
LKA,Sri Lanka,LK.KY,Kandy,20120701,287
LKA,Sri Lanka,LK.KY,Kandy,20120801,355
LKA,Sri Lanka,LK.KY,Kandy,20120901,135
LKA,Sri Lanka,LK.KY,Kandy,20121001,177
LKA,Sri Lanka,LK.KY,Kandy,20121101,185
LKA,Sri Lanka,LK.KY,Kandy,20121201,186
LKA,Sri Lanka,LK.KY,Kandy,20130101,193
LKA,Sri Lanka,LK.KY,Kandy,20130201,215
LKA,Sri Lanka,LK.KY,Kandy,20130301,134
LKA,Sri Lanka,LK.KY,Kandy,20130401,83
LKA,Sri Lanka,LK.KY,Kandy,20130501,156
LKA,Sri Lanka,LK.KY,Kandy,20130601,186
LKA,Sri Lanka,LK.KY,Kandy,20130701,191
LKA,Sri Lanka,LK.KY,Kandy,20130801,240
LKA,Sri Lanka,LK.KY,Kandy,20130901,110
LKA,Sri Lanka,LK.KY,Kandy,20131001,59
LKA,Sri Lanka,LK.KY,Kandy,20131101,96
LKA,Sri Lanka,LK.KY,Kandy,20131201,100
LKA,Sri Lanka,LK.KY,Kandy,20140101,93
LKA,Sri Lanka,LK.KY,Kandy,20140201,49
LKA,Sri Lanka,LK.KY,Kandy,20140301,36
LKA,Sri Lanka,LK.KY,Kandy,20140401,47
LKA,Sri Lanka,LK.KY,Kandy,20140501,116
LKA,Sri Lanka,LK.KY,Kandy,20140601,270
LKA,Sri Lanka,LK.KY,Kandy,20140701,223
LKA,Sri Lanka,LK.KY,Kandy,20140801,247
LKA,Sri Lanka,LK.KY,Kandy,20140901,176
LKA,Sri Lanka,LK.KY,Kandy,20141001,289
LKA,Sri Lanka,LK.KY,Kandy,20141101,413
LKA,Sri Lanka,LK.KY,Kandy,20141201,377
LKA,Sri Lanka,LK.KY,Kandy,20150101,253
LKA,Sri Lanka,LK.KY,Kandy,20150201,156
LKA,Sri Lanka,LK.KY,Kandy,20150301,95
LKA,Sri Lanka,LK.KY,Kandy,20150401,63
LKA,Sri Lanka,LK.KY,Kandy,20150501,71
LKA,Sri Lanka,LK.KY,Kandy,20150601,70
LKA,Sri Lanka,LK.KY,Kandy,20150701,64
LKA,Sri Lanka,LK.KY,Kandy,20150801,47
LKA,Sri Lanka,LK.KY,Kandy,20150901,62
LKA,Sri Lanka,LK.KY,Kandy,20151001,154
LKA,Sri Lanka,LK.KY,Kandy,20151101,120
LKA,Sri Lanka,LK.KY,Kandy,20151201,170
LKA,Sri Lanka,LK.KY,Kandy,20160101,335
LKA,Sri Lanka,LK.KY,Kandy,20160201,207
LKA,Sri Lanka,LK.KY,Kandy,20160301,93
LKA,Sri Lanka,LK.KY,Kandy,20160401,109
LKA,Sri Lanka,LK.KY,Kandy,20160501,152
LKA,Sri Lanka,LK.KY,Kandy,20160601,504
LKA,Sri Lanka,LK.KY,Kandy,20160701,1215
LKA,Sri Lanka,LK.KY,Kandy,20160801,508
LKA,Sri Lanka,LK.KY,Kandy,20160901,347
LKA,Sri Lanka,LK.MT,Matale,20100101,138
LKA,Sri Lanka,LK.MT,Matale,20100201,113
LKA,Sri Lanka,LK.MT,Matale,20100301,35
LKA,Sri Lanka,LK.MT,Matale,20100401,46
LKA,Sri Lanka,LK.MT,Matale,20100501,35
LKA,Sri Lanka,LK.MT,Matale,20100601,35
LKA,Sri Lanka,LK.MT,Matale,20100701,97
LKA,Sri Lanka,LK.MT,Matale,20100801,43
LKA,Sri Lanka,LK.MT,Matale,20100901,23
LKA,Sri Lanka,LK.MT,Matale,20101001,21
LKA,Sri Lanka,LK.MT,Matale,20101101,19
LKA,Sri Lanka,LK.MT,Matale,20101201,45
LKA,Sri Lanka,LK.MT,Matale,20110101,10
LKA,Sri Lanka,LK.MT,Matale,20110201,18
LKA,Sri Lanka,LK.MT,Matale,20110301,16
LKA,Sri Lanka,LK.MT,Matale,20110401,20
LKA,Sri Lanka,LK.MT,Matale,20110501,37
LKA,Sri Lanka,LK.MT,Matale,20110601,53
LKA,Sri Lanka,LK.MT,Matale,20110701,66
LKA,Sri Lanka,LK.MT,Matale,20110801,25
LKA,Sri Lanka,LK.MT,Matale,20110901,26
LKA,Sri Lanka,LK.MT,Matale,20111001,17
LKA,Sri Lanka,LK.MT,Matale,20111101,21
LKA,Sri Lanka,LK.MT,Matale,20111201,56
LKA,Sri Lanka,LK.MT,Matale,20120101,45
LKA,Sri Lanka,LK.MT,Matale,20120201,47
LKA,Sri Lanka,LK.MT,Matale,20120301,59
LKA,Sri Lanka,LK.MT,Matale,20120401,35
LKA,Sri Lanka,LK.MT,Matale,20120501,32
LKA,Sri Lanka,LK.MT,Matale,20120601,81
LKA,Sri Lanka,LK.MT,Matale,20120701,29
LKA,Sri Lanka,LK.MT,Matale,20120801,62
LKA,Sri Lanka,LK.MT,Matale,20120901,46
LKA,Sri Lanka,LK.MT,Matale,20121001,44
LKA,Sri Lanka,LK.MT,Matale,20121101,47
LKA,Sri Lanka,LK.MT,Matale,20121201,69
LKA,Sri Lanka,LK.MT,Matale,20130101,48
LKA,Sri Lanka,LK.MT,Matale,20130201,47
LKA,Sri Lanka,LK.MT,Matale,20130301,49
LKA,Sri Lanka,LK.MT,Matale,20130401,32
LKA,Sri Lanka,LK.MT,Matale,20130501,30
LKA,Sri Lanka,LK.MT,Matale,20130601,37
LKA,Sri Lanka,LK.MT,Matale,20130701,52
LKA,Sri Lanka,LK.MT,Matale,20130801,66
LKA,Sri Lanka,LK.MT,Matale,20130901,32
LKA,Sri Lanka,LK.MT,Matale,20131001,24
LKA,Sri Lanka,LK.MT,Matale,20131101,39
LKA,Sri Lanka,LK.MT,Matale,20131201,39
LKA,Sri Lanka,LK.MT,Matale,20140101,40
LKA,Sri Lanka,LK.MT,Matale,20140201,35
LKA,Sri Lanka,LK.MT,Matale,20140301,18
LKA,Sri Lanka,LK.MT,Matale,20140401,14
LKA,Sri Lanka,LK.MT,Matale,20140501,14
LKA,Sri Lanka,LK.MT,Matale,20140601,81
LKA,Sri Lanka,LK.MT,Matale,20140701,75
LKA,Sri Lanka,LK.MT,Matale,20140801,55
LKA,Sri Lanka,LK.MT,Matale,20140901,27
LKA,Sri Lanka,LK.MT,Matale,20141001,81
LKA,Sri Lanka,LK.MT,Matale,20141101,101
LKA,Sri Lanka,LK.MT,Matale,20141201,108
LKA,Sri Lanka,LK.MT,Matale,20150101,166
LKA,Sri Lanka,LK.MT,Matale,20150201,92
LKA,Sri Lanka,LK.MT,Matale,20150301,26
LKA,Sri Lanka,LK.MT,Matale,20150401,16
LKA,Sri Lanka,LK.MT,Matale,20150501,10
LKA,Sri Lanka,LK.MT,Matale,20150601,16
LKA,Sri Lanka,LK.MT,Matale,20150701,8
LKA,Sri Lanka,LK.MT,Matale,20150801,7
LKA,Sri Lanka,LK.MT,Matale,20150901,8
LKA,Sri Lanka,LK.MT,Matale,20151001,12
LKA,Sri Lanka,LK.MT,Matale,20151101,18
LKA,Sri Lanka,LK.MT,Matale,20151201,22
LKA,Sri Lanka,LK.MT,Matale,20160101,51
LKA,Sri Lanka,LK.MT,Matale,20160201,42
LKA,Sri Lanka,LK.MT,Matale,20160301,33
LKA,Sri Lanka,LK.MT,Matale,20160401,21
LKA,Sri Lanka,LK.MT,Matale,20160501,29
LKA,Sri Lanka,LK.MT,Matale,20160601,89
LKA,Sri Lanka,LK.MT,Matale,20160701,338
LKA,Sri Lanka,LK.MT,Matale,20160801,133
LKA,Sri Lanka,LK.MT,Matale,20160901,135
LKA,Sri Lanka,LK.NW,Nuwara Eliya,20100101,28
LKA,Sri Lanka,LK.NW,Nuwara Eliya,20100201,11
LKA,Sri Lanka,LK.NW,Nuwara Eliya,20100301,15
LKA,Sri Lanka,LK.NW,Nuwara Eliya,20100401,6
LKA,Sri Lanka,LK.NW,Nuwara Eliya,20100501,14
LKA,Sri Lanka,LK.NW,Nuwara Eliya,20100601,13
LKA,Sri Lanka,LK.NW,Nuwara Eliya,20100701,45
LKA,Sri Lanka,LK.NW,Nuwara Eliya,20100801,44
LKA,Sri Lanka,LK.NW,Nuwara Eliya,20100901,21
LKA,Sri Lanka,LK.NW,Nuwara Eliya,20101001,21
LKA,Sri Lanka,LK.NW,Nuwara Eliya,20101101,6
LKA,Sri Lanka,LK.NW,Nuwara Eliya,20101201,3
LKA,Sri Lanka,LK.NW,Nuwara Eliya,20110101,3
LKA,Sri Lanka,LK.NW,Nuwara Eliya,20110201,8
LKA,Sri Lanka,LK.NW,Nuwara Eliya,20110301,9
LKA,Sri Lanka,LK.NW,Nuwara Eliya,20110401,19
LKA,Sri Lanka,LK.NW,Nuwara Eliya,20110501,17
LKA,Sri Lanka,LK.NW,Nuwara Eliya,20110601,20
LKA,Sri Lanka,LK.NW,Nuwara Eliya,20110701,50
LKA,Sri Lanka,LK.NW,Nuwara Eliya,20110801,10
LKA,Sri Lanka,LK.NW,Nuwara Eliya,20110901,31
LKA,Sri Lanka,LK.NW,Nuwara Eliya,20111001,43
LKA,Sri Lanka,LK.NW,Nuwara Eliya,20111101,17
LKA,Sri Lanka,LK.NW,Nuwara Eliya,20111201,25
LKA,Sri Lanka,LK.NW,Nuwara Eliya,20120101,24
LKA,Sri Lanka,LK.NW,Nuwara Eliya,20120201,35
LKA,Sri Lanka,LK.NW,Nuwara Eliya,20120301,41
LKA,Sri Lanka,LK.NW,Nuwara Eliya,20120401,25
LKA,Sri Lanka,LK.NW,Nuwara Eliya,20120501,18
LKA,Sri Lanka,LK.NW,Nuwara Eliya,20120601,58
LKA,Sri Lanka,LK.NW,Nuwara Eliya,20120701,30
LKA,Sri Lanka,LK.NW,Nuwara Eliya,20120801,30
LKA,Sri Lanka,LK.NW,Nuwara Eliya,20120901,21
LKA,Sri Lanka,LK.NW,Nuwara Eliya,20121001,17
LKA,Sri Lanka,LK.NW,Nuwara Eliya,20121101,30
LKA,Sri Lanka,LK.NW,Nuwara Eliya,20121201,13
LKA,Sri Lanka,LK.NW,Nuwara Eliya,20130101,17
LKA,Sri Lanka,LK.NW,Nuwara Eliya,20130201,32
LKA,Sri Lanka,LK.NW,Nuwara Eliya,20130301,30
LKA,Sri Lanka,LK.NW,Nuwara Eliya,20130401,15
LKA,Sri Lanka,LK.NW,Nuwara Eliya,20130501,16
LKA,Sri Lanka,LK.NW,Nuwara Eliya,20130601,21
LKA,Sri Lanka,LK.NW,Nuwara Eliya,20130701,27
LKA,Sri Lanka,LK.NW,Nuwara Eliya,20130801,40
LKA,Sri Lanka,LK.NW,Nuwara Eliya,20130901,13
LKA,Sri Lanka,LK.NW,Nuwara Eliya,20131001,16
LKA,Sri Lanka,LK.NW,Nuwara Eliya,20131101,18
LKA,Sri Lanka,LK.NW,Nuwara Eliya,20131201,27
LKA,Sri Lanka,LK.NW,Nuwara Eliya,20140101,27
LKA,Sri Lanka,LK.NW,Nuwara Eliya,20140201,14
LKA,Sri Lanka,LK.NW,Nuwara Eliya,20140301,6
LKA,Sri Lanka,LK.NW,Nuwara Eliya,20140401,11
LKA,Sri Lanka,LK.NW,Nuwara Eliya,20140501,25
LKA,Sri Lanka,LK.NW,Nuwara Eliya,20140601,60
LKA,Sri Lanka,LK.NW,Nuwara Eliya,20140701,39
LKA,Sri Lanka,LK.NW,Nuwara Eliya,20140801,34
LKA,Sri Lanka,LK.NW,Nuwara Eliya,20140901,18
LKA,Sri Lanka,LK.NW,Nuwara Eliya,20141001,29
LKA,Sri Lanka,LK.NW,Nuwara Eliya,20141101,16
LKA,Sri Lanka,LK.NW,Nuwara Eliya,20141201,35
LKA,Sri Lanka,LK.NW,Nuwara Eliya,20150101,38
LKA,Sri Lanka,LK.NW,Nuwara Eliya,20150201,26
LKA,Sri Lanka,LK.NW,Nuwara Eliya,20150301,13
LKA,Sri Lanka,LK.NW,Nuwara Eliya,20150401,5
LKA,Sri Lanka,LK.NW,Nuwara Eliya,20150501,8
LKA,Sri Lanka,LK.NW,Nuwara Eliya,20150601,8
LKA,Sri Lanka,LK.NW,Nuwara Eliya,20150701,15
LKA,Sri Lanka,LK.NW,Nuwara Eliya,20150801,5
LKA,Sri Lanka,LK.NW,Nuwara Eliya,20150901,6
LKA,Sri Lanka,LK.NW,Nuwara Eliya,20151001,15
LKA,Sri Lanka,LK.NW,Nuwara Eliya,20151101,14
LKA,Sri Lanka,LK.NW,Nuwara Eliya,20151201,27
LKA,Sri Lanka,LK.NW,Nuwara Eliya,20160101,44
LKA,Sri Lanka,LK.NW,Nuwara Eliya,20160201,22
LKA,Sri Lanka,LK.NW,Nuwara Eliya,20160301,20
LKA,Sri Lanka,LK.NW,Nuwara Eliya,20160401,31
LKA,Sri Lanka,LK.NW,Nuwara Eliya,20160501,18
LKA,Sri Lanka,LK.NW,Nuwara Eliya,20160601,38
LKA,Sri Lanka,LK.NW,Nuwara Eliya,20160701,110
LKA,Sri Lanka,LK.NW,Nuwara Eliya,20160801,51
LKA,Sri Lanka,LK.NW,Nuwara Eliya,20160901,25
LKA,Sri Lanka,LK.GL,Galle,20100101,36
LKA,Sri Lanka,LK.GL,Galle,20100201,79
LKA,Sri Lanka,LK.GL,Galle,20100301,86
LKA,Sri Lanka,LK.GL,Galle,20100401,115
LKA,Sri Lanka,LK.GL,Galle,20100501,83
LKA,Sri Lanka,LK.GL,Galle,20100601,145
LKA,Sri Lanka,LK.GL,Galle,20100701,228
LKA,Sri Lanka,LK.GL,Galle,20100801,169
LKA,Sri Lanka,LK.GL,Galle,20100901,105
LKA,Sri Lanka,LK.GL,Galle,20101001,49
LKA,Sri Lanka,LK.GL,Galle,20101101,11
LKA,Sri Lanka,LK.GL,Galle,20101201,7
LKA,Sri Lanka,LK.GL,Galle,20110101,7
LKA,Sri Lanka,LK.GL,Galle,20110201,19
LKA,Sri Lanka,LK.GL,Galle,20110301,30
LKA,Sri Lanka,LK.GL,Galle,20110401,57
LKA,Sri Lanka,LK.GL,Galle,20110501,98
LKA,Sri Lanka,LK.GL,Galle,20110601,112
LKA,Sri Lanka,LK.GL,Galle,20110701,168
LKA,Sri Lanka,LK.GL,Galle,20110801,100
LKA,Sri Lanka,LK.GL,Galle,20110901,96
LKA,Sri Lanka,LK.GL,Galle,20111001,50
LKA,Sri Lanka,LK.GL,Galle,20111101,49
LKA,Sri Lanka,LK.GL,Galle,20111201,93
LKA,Sri Lanka,LK.GL,Galle,20120101,105
LKA,Sri Lanka,LK.GL,Galle,20120201,105
LKA,Sri Lanka,LK.GL,Galle,20120301,161
LKA,Sri Lanka,LK.GL,Galle,20120401,90
LKA,Sri Lanka,LK.GL,Galle,20120501,99
LKA,Sri Lanka,LK.GL,Galle,20120601,221
LKA,Sri Lanka,LK.GL,Galle,20120701,217
LKA,Sri Lanka,LK.GL,Galle,20120801,241
LKA,Sri Lanka,LK.GL,Galle,20120901,78
LKA,Sri Lanka,LK.GL,Galle,20121001,60
LKA,Sri Lanka,LK.GL,Galle,20121101,78
LKA,Sri Lanka,LK.GL,Galle,20121201,58
LKA,Sri Lanka,LK.GL,Galle,20130101,57
LKA,Sri Lanka,LK.GL,Galle,20130201,60
LKA,Sri Lanka,LK.GL,Galle,20130301,92
LKA,Sri Lanka,LK.GL,Galle,20130401,57
LKA,Sri Lanka,LK.GL,Galle,20130501,108
LKA,Sri Lanka,LK.GL,Galle,20130601,100
LKA,Sri Lanka,LK.GL,Galle,20130701,84
LKA,Sri Lanka,LK.GL,Galle,20130801,93
LKA,Sri Lanka,LK.GL,Galle,20130901,79
LKA,Sri Lanka,LK.GL,Galle,20131001,34
LKA,Sri Lanka,LK.GL,Galle,20131101,68
LKA,Sri Lanka,LK.GL,Galle,20131201,108
LKA,Sri Lanka,LK.GL,Galle,20140101,136
LKA,Sri Lanka,LK.GL,Galle,20140201,49
LKA,Sri Lanka,LK.GL,Galle,20140301,61
LKA,Sri Lanka,LK.GL,Galle,20140401,35
LKA,Sri Lanka,LK.GL,Galle,20140501,75
LKA,Sri Lanka,LK.GL,Galle,20140601,139
LKA,Sri Lanka,LK.GL,Galle,20140701,197
LKA,Sri Lanka,LK.GL,Galle,20140801,107
LKA,Sri Lanka,LK.GL,Galle,20140901,71
LKA,Sri Lanka,LK.GL,Galle,20141001,125
LKA,Sri Lanka,LK.GL,Galle,20141101,109
LKA,Sri Lanka,LK.GL,Galle,20141201,120
LKA,Sri Lanka,LK.GL,Galle,20150101,150
LKA,Sri Lanka,LK.GL,Galle,20150201,118
LKA,Sri Lanka,LK.GL,Galle,20150301,70
LKA,Sri Lanka,LK.GL,Galle,20150401,35
LKA,Sri Lanka,LK.GL,Galle,20150501,26
LKA,Sri Lanka,LK.GL,Galle,20150601,20
LKA,Sri Lanka,LK.GL,Galle,20150701,46
LKA,Sri Lanka,LK.GL,Galle,20150801,80
LKA,Sri Lanka,LK.GL,Galle,20150901,75
LKA,Sri Lanka,LK.GL,Galle,20151001,131
LKA,Sri Lanka,LK.GL,Galle,20151101,151
LKA,Sri Lanka,LK.GL,Galle,20151201,128
LKA,Sri Lanka,LK.GL,Galle,20160101,276
LKA,Sri Lanka,LK.GL,Galle,20160201,135
LKA,Sri Lanka,LK.GL,Galle,20160301,110
LKA,Sri Lanka,LK.GL,Galle,20160401,120
LKA,Sri Lanka,LK.GL,Galle,20160501,118
LKA,Sri Lanka,LK.GL,Galle,20160601,121
LKA,Sri Lanka,LK.GL,Galle,20160701,467
LKA,Sri Lanka,LK.GL,Galle,20160801,253
LKA,Sri Lanka,LK.GL,Galle,20160901,279
LKA,Sri Lanka,LK.HB,Hambantota,20100101,49
LKA,Sri Lanka,LK.HB,Hambantota,20100201,128
LKA,Sri Lanka,LK.HB,Hambantota,20100301,85
LKA,Sri Lanka,LK.HB,Hambantota,20100401,45
LKA,Sri Lanka,LK.HB,Hambantota,20100501,29
LKA,Sri Lanka,LK.HB,Hambantota,20100601,82
LKA,Sri Lanka,LK.HB,Hambantota,20100701,161
LKA,Sri Lanka,LK.HB,Hambantota,20100801,122
LKA,Sri Lanka,LK.HB,Hambantota,20100901,67
LKA,Sri Lanka,LK.HB,Hambantota,20101001,24
LKA,Sri Lanka,LK.HB,Hambantota,20101101,7
LKA,Sri Lanka,LK.HB,Hambantota,20101201,10
LKA,Sri Lanka,LK.HB,Hambantota,20110101,16
LKA,Sri Lanka,LK.HB,Hambantota,20110201,8
LKA,Sri Lanka,LK.HB,Hambantota,20110301,27
LKA,Sri Lanka,LK.HB,Hambantota,20110401,70
LKA,Sri Lanka,LK.HB,Hambantota,20110501,87
LKA,Sri Lanka,LK.HB,Hambantota,20110601,48
LKA,Sri Lanka,LK.HB,Hambantota,20110701,51
LKA,Sri Lanka,LK.HB,Hambantota,20110801,18
LKA,Sri Lanka,LK.HB,Hambantota,20110901,19
LKA,Sri Lanka,LK.HB,Hambantota,20111001,13
LKA,Sri Lanka,LK.HB,Hambantota,20111101,20
LKA,Sri Lanka,LK.HB,Hambantota,20111201,39
LKA,Sri Lanka,LK.HB,Hambantota,20120101,58
LKA,Sri Lanka,LK.HB,Hambantota,20120201,66
LKA,Sri Lanka,LK.HB,Hambantota,20120301,45
LKA,Sri Lanka,LK.HB,Hambantota,20120401,37
LKA,Sri Lanka,LK.HB,Hambantota,20120501,31
LKA,Sri Lanka,LK.HB,Hambantota,20120601,59
LKA,Sri Lanka,LK.HB,Hambantota,20120701,51
LKA,Sri Lanka,LK.HB,Hambantota,20120801,78
LKA,Sri Lanka,LK.HB,Hambantota,20120901,33
LKA,Sri Lanka,LK.HB,Hambantota,20121001,53
LKA,Sri Lanka,LK.HB,Hambantota,20121101,60
LKA,Sri Lanka,LK.HB,Hambantota,20121201,33
LKA,Sri Lanka,LK.HB,Hambantota,20130101,32
LKA,Sri Lanka,LK.HB,Hambantota,20130201,35
LKA,Sri Lanka,LK.HB,Hambantota,20130301,40
LKA,Sri Lanka,LK.HB,Hambantota,20130401,30
LKA,Sri Lanka,LK.HB,Hambantota,20130501,22
LKA,Sri Lanka,LK.HB,Hambantota,20130601,21
LKA,Sri Lanka,LK.HB,Hambantota,20130701,28
LKA,Sri Lanka,LK.HB,Hambantota,20130801,43
LKA,Sri Lanka,LK.HB,Hambantota,20130901,23
LKA,Sri Lanka,LK.HB,Hambantota,20131001,24
LKA,Sri Lanka,LK.HB,Hambantota,20131101,22
LKA,Sri Lanka,LK.HB,Hambantota,20131201,25
LKA,Sri Lanka,LK.HB,Hambantota,20140101,48
LKA,Sri Lanka,LK.HB,Hambantota,20140201,34
LKA,Sri Lanka,LK.HB,Hambantota,20140301,17
LKA,Sri Lanka,LK.HB,Hambantota,20140401,26
LKA,Sri Lanka,LK.HB,Hambantota,20140501,42
LKA,Sri Lanka,LK.HB,Hambantota,20140601,121
LKA,Sri Lanka,LK.HB,Hambantota,20140701,169
LKA,Sri Lanka,LK.HB,Hambantota,20140801,36
LKA,Sri Lanka,LK.HB,Hambantota,20140901,29
LKA,Sri Lanka,LK.HB,Hambantota,20141001,51
LKA,Sri Lanka,LK.HB,Hambantota,20141101,39
LKA,Sri Lanka,LK.HB,Hambantota,20141201,53
LKA,Sri Lanka,LK.HB,Hambantota,20150101,46
LKA,Sri Lanka,LK.HB,Hambantota,20150201,51
LKA,Sri Lanka,LK.HB,Hambantota,20150301,28
LKA,Sri Lanka,LK.HB,Hambantota,20150401,18
LKA,Sri Lanka,LK.HB,Hambantota,20150501,12
LKA,Sri Lanka,LK.HB,Hambantota,20150601,11
LKA,Sri Lanka,LK.HB,Hambantota,20150701,26
LKA,Sri Lanka,LK.HB,Hambantota,20150801,27
LKA,Sri Lanka,LK.HB,Hambantota,20150901,17
LKA,Sri Lanka,LK.HB,Hambantota,20151001,61
LKA,Sri Lanka,LK.HB,Hambantota,20151101,56
LKA,Sri Lanka,LK.HB,Hambantota,20151201,45
LKA,Sri Lanka,LK.HB,Hambantota,20160101,97
LKA,Sri Lanka,LK.HB,Hambantota,20160201,79
LKA,Sri Lanka,LK.HB,Hambantota,20160301,47
LKA,Sri Lanka,LK.HB,Hambantota,20160401,43
LKA,Sri Lanka,LK.HB,Hambantota,20160501,42
LKA,Sri Lanka,LK.HB,Hambantota,20160601,82
LKA,Sri Lanka,LK.HB,Hambantota,20160701,172
LKA,Sri Lanka,LK.HB,Hambantota,20160801,47
LKA,Sri Lanka,LK.HB,Hambantota,20160901,57
LKA,Sri Lanka,LK.MH,Matara,20100101,36
LKA,Sri Lanka,LK.MH,Matara,20100201,44
LKA,Sri Lanka,LK.MH,Matara,20100301,41
LKA,Sri Lanka,LK.MH,Matara,20100401,29
LKA,Sri Lanka,LK.MH,Matara,20100501,28
LKA,Sri Lanka,LK.MH,Matara,20100601,67
LKA,Sri Lanka,LK.MH,Matara,20100701,148
LKA,Sri Lanka,LK.MH,Matara,20100801,110
LKA,Sri Lanka,LK.MH,Matara,20100901,62
LKA,Sri Lanka,LK.MH,Matara,20101001,25
LKA,Sri Lanka,LK.MH,Matara,20101101,15
LKA,Sri Lanka,LK.MH,Matara,20101201,9
LKA,Sri Lanka,LK.MH,Matara,20110101,14
LKA,Sri Lanka,LK.MH,Matara,20110201,18
LKA,Sri Lanka,LK.MH,Matara,20110301,35
LKA,Sri Lanka,LK.MH,Matara,20110401,55
LKA,Sri Lanka,LK.MH,Matara,20110501,57
LKA,Sri Lanka,LK.MH,Matara,20110601,51
LKA,Sri Lanka,LK.MH,Matara,20110701,83
LKA,Sri Lanka,LK.MH,Matara,20110801,27
LKA,Sri Lanka,LK.MH,Matara,20110901,63
LKA,Sri Lanka,LK.MH,Matara,20111001,72
LKA,Sri Lanka,LK.MH,Matara,20111101,141
LKA,Sri Lanka,LK.MH,Matara,20111201,179
LKA,Sri Lanka,LK.MH,Matara,20120101,186
LKA,Sri Lanka,LK.MH,Matara,20120201,147
LKA,Sri Lanka,LK.MH,Matara,20120301,155
LKA,Sri Lanka,LK.MH,Matara,20120401,94
LKA,Sri Lanka,LK.MH,Matara,20120501,84
LKA,Sri Lanka,LK.MH,Matara,20120601,147
LKA,Sri Lanka,LK.MH,Matara,20120701,186
LKA,Sri Lanka,LK.MH,Matara,20120801,241
LKA,Sri Lanka,LK.MH,Matara,20120901,141
LKA,Sri Lanka,LK.MH,Matara,20121001,196
LKA,Sri Lanka,LK.MH,Matara,20121101,158
LKA,Sri Lanka,LK.MH,Matara,20121201,100
LKA,Sri Lanka,LK.MH,Matara,20130101,48
LKA,Sri Lanka,LK.MH,Matara,20130201,75
LKA,Sri Lanka,LK.MH,Matara,20130301,65
LKA,Sri Lanka,LK.MH,Matara,20130401,28
LKA,Sri Lanka,LK.MH,Matara,20130501,36
LKA,Sri Lanka,LK.MH,Matara,20130601,31
LKA,Sri Lanka,LK.MH,Matara,20130701,54
LKA,Sri Lanka,LK.MH,Matara,20130801,34
LKA,Sri Lanka,LK.MH,Matara,20130901,27
LKA,Sri Lanka,LK.MH,Matara,20131001,19
LKA,Sri Lanka,LK.MH,Matara,20131101,32
LKA,Sri Lanka,LK.MH,Matara,20131201,37
LKA,Sri Lanka,LK.MH,Matara,20140101,50
LKA,Sri Lanka,LK.MH,Matara,20140201,31
LKA,Sri Lanka,LK.MH,Matara,20140301,11
LKA,Sri Lanka,LK.MH,Matara,20140401,13
LKA,Sri Lanka,LK.MH,Matara,20140501,22
LKA,Sri Lanka,LK.MH,Matara,20140601,63
LKA,Sri Lanka,LK.MH,Matara,20140701,112
LKA,Sri Lanka,LK.MH,Matara,20140801,82
LKA,Sri Lanka,LK.MH,Matara,20140901,93
LKA,Sri Lanka,LK.MH,Matara,20141001,130
LKA,Sri Lanka,LK.MH,Matara,20141101,71
LKA,Sri Lanka,LK.MH,Matara,20141201,70
LKA,Sri Lanka,LK.MH,Matara,20150101,81
LKA,Sri Lanka,LK.MH,Matara,20150201,46
LKA,Sri Lanka,LK.MH,Matara,20150301,41
LKA,Sri Lanka,LK.MH,Matara,20150401,28
LKA,Sri Lanka,LK.MH,Matara,20150501,25
LKA,Sri Lanka,LK.MH,Matara,20150601,12
LKA,Sri Lanka,LK.MH,Matara,20150701,21
LKA,Sri Lanka,LK.MH,Matara,20150801,24
LKA,Sri Lanka,LK.MH,Matara,20150901,24
LKA,Sri Lanka,LK.MH,Matara,20151001,72
LKA,Sri Lanka,LK.MH,Matara,20151101,43
LKA,Sri Lanka,LK.MH,Matara,20151201,42
LKA,Sri Lanka,LK.MH,Matara,20160101,139
LKA,Sri Lanka,LK.MH,Matara,20160201,92
LKA,Sri Lanka,LK.MH,Matara,20160301,43
LKA,Sri Lanka,LK.MH,Matara,20160401,56
LKA,Sri Lanka,LK.MH,Matara,20160501,35
LKA,Sri Lanka,LK.MH,Matara,20160601,119
LKA,Sri Lanka,LK.MH,Matara,20160701,280
LKA,Sri Lanka,LK.MH,Matara,20160801,144
LKA,Sri Lanka,LK.MH,Matara,20160901,115
LKA,Sri Lanka,LK.JA,Jaffna,20100101,858
LKA,Sri Lanka,LK.JA,Jaffna,20100201,878
LKA,Sri Lanka,LK.JA,Jaffna,20100301,170
LKA,Sri Lanka,LK.JA,Jaffna,20100401,145
LKA,Sri Lanka,LK.JA,Jaffna,20100501,82
LKA,Sri Lanka,LK.JA,Jaffna,20100601,237
LKA,Sri Lanka,LK.JA,Jaffna,20100701,236
LKA,Sri Lanka,LK.JA,Jaffna,20100801,96
LKA,Sri Lanka,LK.JA,Jaffna,20100901,40
LKA,Sri Lanka,LK.JA,Jaffna,20101001,78
LKA,Sri Lanka,LK.JA,Jaffna,20101101,79
LKA,Sri Lanka,LK.JA,Jaffna,20101201,121
LKA,Sri Lanka,LK.JA,Jaffna,20110101,58
LKA,Sri Lanka,LK.JA,Jaffna,20110201,34
LKA,Sri Lanka,LK.JA,Jaffna,20110301,24
LKA,Sri Lanka,LK.JA,Jaffna,20110401,20
LKA,Sri Lanka,LK.JA,Jaffna,20110501,10
LKA,Sri Lanka,LK.JA,Jaffna,20110601,16
LKA,Sri Lanka,LK.JA,Jaffna,20110701,35
LKA,Sri Lanka,LK.JA,Jaffna,20110801,33
LKA,Sri Lanka,LK.JA,Jaffna,20110901,46
LKA,Sri Lanka,LK.JA,Jaffna,20111001,19
LKA,Sri Lanka,LK.JA,Jaffna,20111101,34
LKA,Sri Lanka,LK.JA,Jaffna,20111201,71
LKA,Sri Lanka,LK.JA,Jaffna,20120101,91
LKA,Sri Lanka,LK.JA,Jaffna,20120201,40
LKA,Sri Lanka,LK.JA,Jaffna,20120301,43
LKA,Sri Lanka,LK.JA,Jaffna,20120401,24
LKA,Sri Lanka,LK.JA,Jaffna,20120501,27
LKA,Sri Lanka,LK.JA,Jaffna,20120601,34
LKA,Sri Lanka,LK.JA,Jaffna,20120701,26
LKA,Sri Lanka,LK.JA,Jaffna,20120801,36
LKA,Sri Lanka,LK.JA,Jaffna,20120901,41
LKA,Sri Lanka,LK.JA,Jaffna,20121001,143
LKA,Sri Lanka,LK.JA,Jaffna,20121101,205
LKA,Sri Lanka,LK.JA,Jaffna,20121201,184
LKA,Sri Lanka,LK.JA,Jaffna,20130101,100
LKA,Sri Lanka,LK.JA,Jaffna,20130201,77
LKA,Sri Lanka,LK.JA,Jaffna,20130301,84
LKA,Sri Lanka,LK.JA,Jaffna,20130401,115
LKA,Sri Lanka,LK.JA,Jaffna,20130501,70
LKA,Sri Lanka,LK.JA,Jaffna,20130601,30
LKA,Sri Lanka,LK.JA,Jaffna,20130701,23
LKA,Sri Lanka,LK.JA,Jaffna,20130801,43
LKA,Sri Lanka,LK.JA,Jaffna,20130901,35
LKA,Sri Lanka,LK.JA,Jaffna,20131001,48
LKA,Sri Lanka,LK.JA,Jaffna,20131101,52
LKA,Sri Lanka,LK.JA,Jaffna,20131201,125
LKA,Sri Lanka,LK.JA,Jaffna,20140101,148
LKA,Sri Lanka,LK.JA,Jaffna,20140201,92
LKA,Sri Lanka,LK.JA,Jaffna,20140301,58
LKA,Sri Lanka,LK.JA,Jaffna,20140401,59
LKA,Sri Lanka,LK.JA,Jaffna,20140501,73
LKA,Sri Lanka,LK.JA,Jaffna,20140601,89
LKA,Sri Lanka,LK.JA,Jaffna,20140701,148
LKA,Sri Lanka,LK.JA,Jaffna,20140801,123
LKA,Sri Lanka,LK.JA,Jaffna,20140901,95
LKA,Sri Lanka,LK.JA,Jaffna,20141001,212
LKA,Sri Lanka,LK.JA,Jaffna,20141101,318
LKA,Sri Lanka,LK.JA,Jaffna,20141201,424
LKA,Sri Lanka,LK.JA,Jaffna,20150101,614
LKA,Sri Lanka,LK.JA,Jaffna,20150201,218
LKA,Sri Lanka,LK.JA,Jaffna,20150301,113
LKA,Sri Lanka,LK.JA,Jaffna,20150401,48
LKA,Sri Lanka,LK.JA,Jaffna,20150501,66
LKA,Sri Lanka,LK.JA,Jaffna,20150601,63
LKA,Sri Lanka,LK.JA,Jaffna,20150701,69
LKA,Sri Lanka,LK.JA,Jaffna,20150801,45
LKA,Sri Lanka,LK.JA,Jaffna,20150901,51
LKA,Sri Lanka,LK.JA,Jaffna,20151001,76
LKA,Sri Lanka,LK.JA,Jaffna,20151101,216
LKA,Sri Lanka,LK.JA,Jaffna,20151201,437
LKA,Sri Lanka,LK.JA,Jaffna,20160101,687
LKA,Sri Lanka,LK.JA,Jaffna,20160201,238
LKA,Sri Lanka,LK.JA,Jaffna,20160301,150
LKA,Sri Lanka,LK.JA,Jaffna,20160401,93
LKA,Sri Lanka,LK.JA,Jaffna,20160501,58
LKA,Sri Lanka,LK.JA,Jaffna,20160601,80
LKA,Sri Lanka,LK.JA,Jaffna,20160701,226
LKA,Sri Lanka,LK.JA,Jaffna,20160801,148
LKA,Sri Lanka,LK.JA,Jaffna,20160901,121
LKA,Sri Lanka,LK.KL,Kilinochchi,20100101,0
LKA,Sri Lanka,LK.KL,Kilinochchi,20100201,0
LKA,Sri Lanka,LK.KL,Kilinochchi,20100301,0
LKA,Sri Lanka,LK.KL,Kilinochchi,20100401,1
LKA,Sri Lanka,LK.KL,Kilinochchi,20100501,0
LKA,Sri Lanka,LK.KL,Kilinochchi,20100601,4
LKA,Sri Lanka,LK.KL,Kilinochchi,20100701,5
LKA,Sri Lanka,LK.KL,Kilinochchi,20100801,18
LKA,Sri Lanka,LK.KL,Kilinochchi,20100901,12
LKA,Sri Lanka,LK.KL,Kilinochchi,20101001,2
LKA,Sri Lanka,LK.KL,Kilinochchi,20101101,5
LKA,Sri Lanka,LK.KL,Kilinochchi,20101201,6
LKA,Sri Lanka,LK.KL,Kilinochchi,20110101,2
LKA,Sri Lanka,LK.KL,Kilinochchi,20110201,4
LKA,Sri Lanka,LK.KL,Kilinochchi,20110301,10
LKA,Sri Lanka,LK.KL,Kilinochchi,20110401,13
LKA,Sri Lanka,LK.KL,Kilinochchi,20110501,4
LKA,Sri Lanka,LK.KL,Kilinochchi,20110601,3
LKA,Sri Lanka,LK.KL,Kilinochchi,20110701,3
LKA,Sri Lanka,LK.KL,Kilinochchi,20110801,5
LKA,Sri Lanka,LK.KL,Kilinochchi,20110901,8
LKA,Sri Lanka,LK.KL,Kilinochchi,20111001,3
LKA,Sri Lanka,LK.KL,Kilinochchi,20111101,4
LKA,Sri Lanka,LK.KL,Kilinochchi,20111201,7
LKA,Sri Lanka,LK.KL,Kilinochchi,20120101,8
LKA,Sri Lanka,LK.KL,Kilinochchi,20120201,2
LKA,Sri Lanka,LK.KL,Kilinochchi,20120301,5
LKA,Sri Lanka,LK.KL,Kilinochchi,20120401,3
LKA,Sri Lanka,LK.KL,Kilinochchi,20120501,19
LKA,Sri Lanka,LK.KL,Kilinochchi,20120601,16
LKA,Sri Lanka,LK.KL,Kilinochchi,20120701,8
LKA,Sri Lanka,LK.KL,Kilinochchi,20120801,11
LKA,Sri Lanka,LK.KL,Kilinochchi,20120901,6
LKA,Sri Lanka,LK.KL,Kilinochchi,20121001,2
LKA,Sri Lanka,LK.KL,Kilinochchi,20121101,5
LKA,Sri Lanka,LK.KL,Kilinochchi,20121201,8
LKA,Sri Lanka,LK.KL,Kilinochchi,20130101,7
LKA,Sri Lanka,LK.KL,Kilinochchi,20130201,4
LKA,Sri Lanka,LK.KL,Kilinochchi,20130301,7
LKA,Sri Lanka,LK.KL,Kilinochchi,20130401,5
LKA,Sri Lanka,LK.KL,Kilinochchi,20130501,4
LKA,Sri Lanka,LK.KL,Kilinochchi,20130601,7
LKA,Sri Lanka,LK.KL,Kilinochchi,20130701,0
LKA,Sri Lanka,LK.KL,Kilinochchi,20130801,16
LKA,Sri Lanka,LK.KL,Kilinochchi,20130901,7
LKA,Sri Lanka,LK.KL,Kilinochchi,20131001,3
LKA,Sri Lanka,LK.KL,Kilinochchi,20131101,3
LKA,Sri Lanka,LK.KL,Kilinochchi,20131201,6
LKA,Sri Lanka,LK.KL,Kilinochchi,20140101,10
LKA,Sri Lanka,LK.KL,Kilinochchi,20140201,10
LKA,Sri Lanka,LK.KL,Kilinochchi,20140301,4
LKA,Sri Lanka,LK.KL,Kilinochchi,20140401,6
LKA,Sri Lanka,LK.KL,Kilinochchi,20140501,0
LKA,Sri Lanka,LK.KL,Kilinochchi,20140601,1
LKA,Sri Lanka,LK.KL,Kilinochchi,20140701,8
LKA,Sri Lanka,LK.KL,Kilinochchi,20140801,3
LKA,Sri Lanka,LK.KL,Kilinochchi,20140901,4
LKA,Sri Lanka,LK.KL,Kilinochchi,20141001,10
LKA,Sri Lanka,LK.KL,Kilinochchi,20141101,15
LKA,Sri Lanka,LK.KL,Kilinochchi,20141201,19
LKA,Sri Lanka,LK.KL,Kilinochchi,20150101,18
LKA,Sri Lanka,LK.KL,Kilinochchi,20150201,11
LKA,Sri Lanka,LK.KL,Kilinochchi,20150301,3
LKA,Sri Lanka,LK.KL,Kilinochchi,20150401,0
LKA,Sri Lanka,LK.KL,Kilinochchi,20150501,2
LKA,Sri Lanka,LK.KL,Kilinochchi,20150601,4
LKA,Sri Lanka,LK.KL,Kilinochchi,20150701,9
LKA,Sri Lanka,LK.KL,Kilinochchi,20150801,7
LKA,Sri Lanka,LK.KL,Kilinochchi,20150901,7
LKA,Sri Lanka,LK.KL,Kilinochchi,20151001,14
LKA,Sri Lanka,LK.KL,Kilinochchi,20151101,11
LKA,Sri Lanka,LK.KL,Kilinochchi,20151201,6
LKA,Sri Lanka,LK.KL,Kilinochchi,20160101,15
LKA,Sri Lanka,LK.KL,Kilinochchi,20160201,16
LKA,Sri Lanka,LK.KL,Kilinochchi,20160301,5
LKA,Sri Lanka,LK.KL,Kilinochchi,20160401,7
LKA,Sri Lanka,LK.KL,Kilinochchi,20160501,4
LKA,Sri Lanka,LK.KL,Kilinochchi,20160601,4
LKA,Sri Lanka,LK.KL,Kilinochchi,20160701,8
LKA,Sri Lanka,LK.KL,Kilinochchi,20160801,8
LKA,Sri Lanka,LK.KL,Kilinochchi,20160901,3
LKA,Sri Lanka,LK.MB,Mannar,20100101,26
LKA,Sri Lanka,LK.MB,Mannar,20100201,23
LKA,Sri Lanka,LK.MB,Mannar,20100301,14
LKA,Sri Lanka,LK.MB,Mannar,20100401,16
LKA,Sri Lanka,LK.MB,Mannar,20100501,9
LKA,Sri Lanka,LK.MB,Mannar,20100601,55
LKA,Sri Lanka,LK.MB,Mannar,20100701,94
LKA,Sri Lanka,LK.MB,Mannar,20100801,222
LKA,Sri Lanka,LK.MB,Mannar,20100901,62
LKA,Sri Lanka,LK.MB,Mannar,20101001,28
LKA,Sri Lanka,LK.MB,Mannar,20101101,14
LKA,Sri Lanka,LK.MB,Mannar,20101201,5
LKA,Sri Lanka,LK.MB,Mannar,20110101,8
LKA,Sri Lanka,LK.MB,Mannar,20110201,5
LKA,Sri Lanka,LK.MB,Mannar,20110301,4
LKA,Sri Lanka,LK.MB,Mannar,20110401,2
LKA,Sri Lanka,LK.MB,Mannar,20110501,2
LKA,Sri Lanka,LK.MB,Mannar,20110601,2
LKA,Sri Lanka,LK.MB,Mannar,20110701,2
LKA,Sri Lanka,LK.MB,Mannar,20110801,1
LKA,Sri Lanka,LK.MB,Mannar,20110901,0
LKA,Sri Lanka,LK.MB,Mannar,20111001,17
LKA,Sri Lanka,LK.MB,Mannar,20111101,8
LKA,Sri Lanka,LK.MB,Mannar,20111201,49
LKA,Sri Lanka,LK.MB,Mannar,20120101,38
LKA,Sri Lanka,LK.MB,Mannar,20120201,16
LKA,Sri Lanka,LK.MB,Mannar,20120301,10
LKA,Sri Lanka,LK.MB,Mannar,20120401,9
LKA,Sri Lanka,LK.MB,Mannar,20120501,6
LKA,Sri Lanka,LK.MB,Mannar,20120601,15
LKA,Sri Lanka,LK.MB,Mannar,20120701,19
LKA,Sri Lanka,LK.MB,Mannar,20120801,11
LKA,Sri Lanka,LK.MB,Mannar,20120901,2
LKA,Sri Lanka,LK.MB,Mannar,20121001,6
LKA,Sri Lanka,LK.MB,Mannar,20121101,21
LKA,Sri Lanka,LK.MB,Mannar,20121201,33
LKA,Sri Lanka,LK.MB,Mannar,20130101,23
LKA,Sri Lanka,LK.MB,Mannar,20130201,10
LKA,Sri Lanka,LK.MB,Mannar,20130301,7
LKA,Sri Lanka,LK.MB,Mannar,20130401,4
LKA,Sri Lanka,LK.MB,Mannar,20130501,10
LKA,Sri Lanka,LK.MB,Mannar,20130601,2
LKA,Sri Lanka,LK.MB,Mannar,20130701,1
LKA,Sri Lanka,LK.MB,Mannar,20130801,2
LKA,Sri Lanka,LK.MB,Mannar,20130901,4
LKA,Sri Lanka,LK.MB,Mannar,20131001,5
LKA,Sri Lanka,LK.MB,Mannar,20131101,1
LKA,Sri Lanka,LK.MB,Mannar,20131201,1
LKA,Sri Lanka,LK.MB,Mannar,20140101,2
LKA,Sri Lanka,LK.MB,Mannar,20140201,1
LKA,Sri Lanka,LK.MB,Mannar,20140301,0
LKA,Sri Lanka,LK.MB,Mannar,20140401,1
LKA,Sri Lanka,LK.MB,Mannar,20140501,2
LKA,Sri Lanka,LK.MB,Mannar,20140601,20
LKA,Sri Lanka,LK.MB,Mannar,20140701,13
LKA,Sri Lanka,LK.MB,Mannar,20140801,10
LKA,Sri Lanka,LK.MB,Mannar,20140901,40
LKA,Sri Lanka,LK.MB,Mannar,20141001,68
LKA,Sri Lanka,LK.MB,Mannar,20141101,119
LKA,Sri Lanka,LK.MB,Mannar,20141201,83
LKA,Sri Lanka,LK.MB,Mannar,20150101,50
LKA,Sri Lanka,LK.MB,Mannar,20150201,16
LKA,Sri Lanka,LK.MB,Mannar,20150301,2
LKA,Sri Lanka,LK.MB,Mannar,20150401,1
LKA,Sri Lanka,LK.MB,Mannar,20150501,4
LKA,Sri Lanka,LK.MB,Mannar,20150601,2
LKA,Sri Lanka,LK.MB,Mannar,20150701,1
LKA,Sri Lanka,LK.MB,Mannar,20150801,1
LKA,Sri Lanka,LK.MB,Mannar,20150901,2
LKA,Sri Lanka,LK.MB,Mannar,20151001,2
LKA,Sri Lanka,LK.MB,Mannar,20151101,4
LKA,Sri Lanka,LK.MB,Mannar,20151201,20
LKA,Sri Lanka,LK.MB,Mannar,20160101,42
LKA,Sri Lanka,LK.MB,Mannar,20160201,17
LKA,Sri Lanka,LK.MB,Mannar,20160301,3
LKA,Sri Lanka,LK.MB,Mannar,20160401,7
LKA,Sri Lanka,LK.MB,Mannar,20160501,16
LKA,Sri Lanka,LK.MB,Mannar,20160601,10
LKA,Sri Lanka,LK.MB,Mannar,20160701,10
LKA,Sri Lanka,LK.MB,Mannar,20160801,2
LKA,Sri Lanka,LK.MB,Mannar,20160901,10
LKA,Sri Lanka,LK.VA,Vavuniya,20100101,336
LKA,Sri Lanka,LK.VA,Vavuniya,20100201,91
LKA,Sri Lanka,LK.VA,Vavuniya,20100301,40
LKA,Sri Lanka,LK.VA,Vavuniya,20100401,14
LKA,Sri Lanka,LK.VA,Vavuniya,20100501,6
LKA,Sri Lanka,LK.VA,Vavuniya,20100601,21
LKA,Sri Lanka,LK.VA,Vavuniya,20100701,27
LKA,Sri Lanka,LK.VA,Vavuniya,20100801,22
LKA,Sri Lanka,LK.VA,Vavuniya,20100901,12
LKA,Sri Lanka,LK.VA,Vavuniya,20101001,3
LKA,Sri Lanka,LK.VA,Vavuniya,20101101,3
LKA,Sri Lanka,LK.VA,Vavuniya,20101201,4
LKA,Sri Lanka,LK.VA,Vavuniya,20110101,13
LKA,Sri Lanka,LK.VA,Vavuniya,20110201,3
LKA,Sri Lanka,LK.VA,Vavuniya,20110301,15
LKA,Sri Lanka,LK.VA,Vavuniya,20110401,5
LKA,Sri Lanka,LK.VA,Vavuniya,20110501,7
LKA,Sri Lanka,LK.VA,Vavuniya,20110601,11
LKA,Sri Lanka,LK.VA,Vavuniya,20110701,8
LKA,Sri Lanka,LK.VA,Vavuniya,20110801,2
LKA,Sri Lanka,LK.VA,Vavuniya,20110901,3
LKA,Sri Lanka,LK.VA,Vavuniya,20111001,3
LKA,Sri Lanka,LK.VA,Vavuniya,20111101,4
LKA,Sri Lanka,LK.VA,Vavuniya,20111201,7
LKA,Sri Lanka,LK.VA,Vavuniya,20120101,13
LKA,Sri Lanka,LK.VA,Vavuniya,20120201,5
LKA,Sri Lanka,LK.VA,Vavuniya,20120301,5
LKA,Sri Lanka,LK.VA,Vavuniya,20120401,2
LKA,Sri Lanka,LK.VA,Vavuniya,20120501,5
LKA,Sri Lanka,LK.VA,Vavuniya,20120601,2
LKA,Sri Lanka,LK.VA,Vavuniya,20120701,3
LKA,Sri Lanka,LK.VA,Vavuniya,20120801,16
LKA,Sri Lanka,LK.VA,Vavuniya,20120901,20
LKA,Sri Lanka,LK.VA,Vavuniya,20121001,13
LKA,Sri Lanka,LK.VA,Vavuniya,20121101,9
LKA,Sri Lanka,LK.VA,Vavuniya,20121201,11
LKA,Sri Lanka,LK.VA,Vavuniya,20130101,11
LKA,Sri Lanka,LK.VA,Vavuniya,20130201,8
LKA,Sri Lanka,LK.VA,Vavuniya,20130301,12
LKA,Sri Lanka,LK.VA,Vavuniya,20130401,3
LKA,Sri Lanka,LK.VA,Vavuniya,20130501,8
LKA,Sri Lanka,LK.VA,Vavuniya,20130601,6
LKA,Sri Lanka,LK.VA,Vavuniya,20130701,7
LKA,Sri Lanka,LK.VA,Vavuniya,20130801,4
LKA,Sri Lanka,LK.VA,Vavuniya,20130901,4
LKA,Sri Lanka,LK.VA,Vavuniya,20131001,5
LKA,Sri Lanka,LK.VA,Vavuniya,20131101,10
LKA,Sri Lanka,LK.VA,Vavuniya,20131201,15
LKA,Sri Lanka,LK.VA,Vavuniya,20140101,6
LKA,Sri Lanka,LK.VA,Vavuniya,20140201,12
LKA,Sri Lanka,LK.VA,Vavuniya,20140301,14
LKA,Sri Lanka,LK.VA,Vavuniya,20140401,9
LKA,Sri Lanka,LK.VA,Vavuniya,20140501,6
LKA,Sri Lanka,LK.VA,Vavuniya,20140601,33
LKA,Sri Lanka,LK.VA,Vavuniya,20140701,16
LKA,Sri Lanka,LK.VA,Vavuniya,20140801,5
LKA,Sri Lanka,LK.VA,Vavuniya,20140901,4
LKA,Sri Lanka,LK.VA,Vavuniya,20141001,7
LKA,Sri Lanka,LK.VA,Vavuniya,20141101,14
LKA,Sri Lanka,LK.VA,Vavuniya,20141201,16
LKA,Sri Lanka,LK.VA,Vavuniya,20150101,32
LKA,Sri Lanka,LK.VA,Vavuniya,20150201,15
LKA,Sri Lanka,LK.VA,Vavuniya,20150301,8
LKA,Sri Lanka,LK.VA,Vavuniya,20150401,4
LKA,Sri Lanka,LK.VA,Vavuniya,20150501,15
LKA,Sri Lanka,LK.VA,Vavuniya,20150601,9
LKA,Sri Lanka,LK.VA,Vavuniya,20150701,5
LKA,Sri Lanka,LK.VA,Vavuniya,20150801,4
LKA,Sri Lanka,LK.VA,Vavuniya,20150901,11
LKA,Sri Lanka,LK.VA,Vavuniya,20151001,19
LKA,Sri Lanka,LK.VA,Vavuniya,20151101,16
LKA,Sri Lanka,LK.VA,Vavuniya,20151201,59
LKA,Sri Lanka,LK.VA,Vavuniya,20160101,69
LKA,Sri Lanka,LK.VA,Vavuniya,20160201,22
LKA,Sri Lanka,LK.VA,Vavuniya,20160301,19
LKA,Sri Lanka,LK.VA,Vavuniya,20160401,26
LKA,Sri Lanka,LK.VA,Vavuniya,20160501,13
LKA,Sri Lanka,LK.VA,Vavuniya,20160601,7
LKA,Sri Lanka,LK.VA,Vavuniya,20160701,29
LKA,Sri Lanka,LK.VA,Vavuniya,20160801,12
LKA,Sri Lanka,LK.VA,Vavuniya,20160901,18
LKA,Sri Lanka,LK.MP,Mulativu,20100101,0
LKA,Sri Lanka,LK.MP,Mulativu,20100201,0
LKA,Sri Lanka,LK.MP,Mulativu,20100301,0
LKA,Sri Lanka,LK.MP,Mulativu,20100401,0
LKA,Sri Lanka,LK.MP,Mulativu,20100501,1
LKA,Sri Lanka,LK.MP,Mulativu,20100601,0
LKA,Sri Lanka,LK.MP,Mulativu,20100701,2
LKA,Sri Lanka,LK.MP,Mulativu,20100801,8
LKA,Sri Lanka,LK.MP,Mulativu,20100901,7
LKA,Sri Lanka,LK.MP,Mulativu,20101001,3
LKA,Sri Lanka,LK.MP,Mulativu,20101101,1
LKA,Sri Lanka,LK.MP,Mulativu,20101201,1
LKA,Sri Lanka,LK.MP,Mulativu,20110101,2
LKA,Sri Lanka,LK.MP,Mulativu,20110201,3
LKA,Sri Lanka,LK.MP,Mulativu,20110301,0
LKA,Sri Lanka,LK.MP,Mulativu,20110401,1
LKA,Sri Lanka,LK.MP,Mulativu,20110501,1
LKA,Sri Lanka,LK.MP,Mulativu,20110601,7
LKA,Sri Lanka,LK.MP,Mulativu,20110701,1
LKA,Sri Lanka,LK.MP,Mulativu,20110801,0
LKA,Sri Lanka,LK.MP,Mulativu,20110901,0
LKA,Sri Lanka,LK.MP,Mulativu,20111001,1
LKA,Sri Lanka,LK.MP,Mulativu,20111101,2
LKA,Sri Lanka,LK.MP,Mulativu,20111201,1
LKA,Sri Lanka,LK.MP,Mulativu,20120101,2
LKA,Sri Lanka,LK.MP,Mulativu,20120201,1
LKA,Sri Lanka,LK.MP,Mulativu,20120301,1
LKA,Sri Lanka,LK.MP,Mulativu,20120401,1
LKA,Sri Lanka,LK.MP,Mulativu,20120501,3
LKA,Sri Lanka,LK.MP,Mulativu,20120601,4
LKA,Sri Lanka,LK.MP,Mulativu,20120701,5
LKA,Sri Lanka,LK.MP,Mulativu,20120801,3
LKA,Sri Lanka,LK.MP,Mulativu,20120901,2
LKA,Sri Lanka,LK.MP,Mulativu,20121001,0
LKA,Sri Lanka,LK.MP,Mulativu,20121101,6
LKA,Sri Lanka,LK.MP,Mulativu,20121201,14
LKA,Sri Lanka,LK.MP,Mulativu,20130101,12
LKA,Sri Lanka,LK.MP,Mulativu,20130201,7
LKA,Sri Lanka,LK.MP,Mulativu,20130301,17
LKA,Sri Lanka,LK.MP,Mulativu,20130401,18
LKA,Sri Lanka,LK.MP,Mulativu,20130501,20
LKA,Sri Lanka,LK.MP,Mulativu,20130601,12
LKA,Sri Lanka,LK.MP,Mulativu,20130701,6
LKA,Sri Lanka,LK.MP,Mulativu,20130801,8
LKA,Sri Lanka,LK.MP,Mulativu,20130901,9
LKA,Sri Lanka,LK.MP,Mulativu,20131001,6
LKA,Sri Lanka,LK.MP,Mulativu,20131101,10
LKA,Sri Lanka,LK.MP,Mulativu,20131201,2
LKA,Sri Lanka,LK.MP,Mulativu,20140101,23
LKA,Sri Lanka,LK.MP,Mulativu,20140201,9
LKA,Sri Lanka,LK.MP,Mulativu,20140301,17
LKA,Sri Lanka,LK.MP,Mulativu,20140401,4
LKA,Sri Lanka,LK.MP,Mulativu,20140501,6
LKA,Sri Lanka,LK.MP,Mulativu,20140601,10
LKA,Sri Lanka,LK.MP,Mulativu,20140701,6
LKA,Sri Lanka,LK.MP,Mulativu,20140801,6
LKA,Sri Lanka,LK.MP,Mulativu,20140901,5
LKA,Sri Lanka,LK.MP,Mulativu,20141001,5
LKA,Sri Lanka,LK.MP,Mulativu,20141101,17
LKA,Sri Lanka,LK.MP,Mulativu,20141201,26
LKA,Sri Lanka,LK.MP,Mulativu,20150101,36
LKA,Sri Lanka,LK.MP,Mulativu,20150201,17
LKA,Sri Lanka,LK.MP,Mulativu,20150301,8
LKA,Sri Lanka,LK.MP,Mulativu,20150401,10
LKA,Sri Lanka,LK.MP,Mulativu,20150501,12
LKA,Sri Lanka,LK.MP,Mulativu,20150601,14
LKA,Sri Lanka,LK.MP,Mulativu,20150701,13
LKA,Sri Lanka,LK.MP,Mulativu,20150801,7
LKA,Sri Lanka,LK.MP,Mulativu,20150901,2
LKA,Sri Lanka,LK.MP,Mulativu,20151001,2
LKA,Sri Lanka,LK.MP,Mulativu,20151101,6
LKA,Sri Lanka,LK.MP,Mulativu,20151201,15
LKA,Sri Lanka,LK.MP,Mulativu,20160101,29
LKA,Sri Lanka,LK.MP,Mulativu,20160201,18
LKA,Sri Lanka,LK.MP,Mulativu,20160301,19
LKA,Sri Lanka,LK.MP,Mulativu,20160401,22
LKA,Sri Lanka,LK.MP,Mulativu,20160501,9
LKA,Sri Lanka,LK.MP,Mulativu,20160601,18
LKA,Sri Lanka,LK.MP,Mulativu,20160701,22
LKA,Sri Lanka,LK.MP,Mulativu,20160801,12
LKA,Sri Lanka,LK.MP,Mulativu,20160901,7
LKA,Sri Lanka,LK.BC,Batticaloa,20100101,305
LKA,Sri Lanka,LK.BC,Batticaloa,20100201,314
LKA,Sri Lanka,LK.BC,Batticaloa,20100301,202
LKA,Sri Lanka,LK.BC,Batticaloa,20100401,184
LKA,Sri Lanka,LK.BC,Batticaloa,20100501,48
LKA,Sri Lanka,LK.BC,Batticaloa,20100601,59
LKA,Sri Lanka,LK.BC,Batticaloa,20100701,59
LKA,Sri Lanka,LK.BC,Batticaloa,20100801,25
LKA,Sri Lanka,LK.BC,Batticaloa,20100901,4
LKA,Sri Lanka,LK.BC,Batticaloa,20101001,8
LKA,Sri Lanka,LK.BC,Batticaloa,20101101,13
LKA,Sri Lanka,LK.BC,Batticaloa,20101201,29
LKA,Sri Lanka,LK.BC,Batticaloa,20110101,31
LKA,Sri Lanka,LK.BC,Batticaloa,20110201,41
LKA,Sri Lanka,LK.BC,Batticaloa,20110301,104
LKA,Sri Lanka,LK.BC,Batticaloa,20110401,185
LKA,Sri Lanka,LK.BC,Batticaloa,20110501,141
LKA,Sri Lanka,LK.BC,Batticaloa,20110601,112
LKA,Sri Lanka,LK.BC,Batticaloa,20110701,53
LKA,Sri Lanka,LK.BC,Batticaloa,20110801,21
LKA,Sri Lanka,LK.BC,Batticaloa,20110901,35
LKA,Sri Lanka,LK.BC,Batticaloa,20111001,123
LKA,Sri Lanka,LK.BC,Batticaloa,20111101,289
LKA,Sri Lanka,LK.BC,Batticaloa,20111201,558
LKA,Sri Lanka,LK.BC,Batticaloa,20120101,263
LKA,Sri Lanka,LK.BC,Batticaloa,20120201,116
LKA,Sri Lanka,LK.BC,Batticaloa,20120301,91
LKA,Sri Lanka,LK.BC,Batticaloa,20120401,32
LKA,Sri Lanka,LK.BC,Batticaloa,20120501,35
LKA,Sri Lanka,LK.BC,Batticaloa,20120601,32
LKA,Sri Lanka,LK.BC,Batticaloa,20120701,11
LKA,Sri Lanka,LK.BC,Batticaloa,20120801,21
LKA,Sri Lanka,LK.BC,Batticaloa,20120901,7
LKA,Sri Lanka,LK.BC,Batticaloa,20121001,26
LKA,Sri Lanka,LK.BC,Batticaloa,20121101,36
LKA,Sri Lanka,LK.BC,Batticaloa,20121201,47
LKA,Sri Lanka,LK.BC,Batticaloa,20130101,52
LKA,Sri Lanka,LK.BC,Batticaloa,20130201,74
LKA,Sri Lanka,LK.BC,Batticaloa,20130301,93
LKA,Sri Lanka,LK.BC,Batticaloa,20130401,67
LKA,Sri Lanka,LK.BC,Batticaloa,20130501,79
LKA,Sri Lanka,LK.BC,Batticaloa,20130601,48
LKA,Sri Lanka,LK.BC,Batticaloa,20130701,32
LKA,Sri Lanka,LK.BC,Batticaloa,20130801,26
LKA,Sri Lanka,LK.BC,Batticaloa,20130901,19
LKA,Sri Lanka,LK.BC,Batticaloa,20131001,22
LKA,Sri Lanka,LK.BC,Batticaloa,20131101,14
LKA,Sri Lanka,LK.BC,Batticaloa,20131201,30
LKA,Sri Lanka,LK.BC,Batticaloa,20140101,43
LKA,Sri Lanka,LK.BC,Batticaloa,20140201,66
LKA,Sri Lanka,LK.BC,Batticaloa,20140301,147
LKA,Sri Lanka,LK.BC,Batticaloa,20140401,92
LKA,Sri Lanka,LK.BC,Batticaloa,20140501,117
LKA,Sri Lanka,LK.BC,Batticaloa,20140601,97
LKA,Sri Lanka,LK.BC,Batticaloa,20140701,60
LKA,Sri Lanka,LK.BC,Batticaloa,20140801,22
LKA,Sri Lanka,LK.BC,Batticaloa,20140901,15
LKA,Sri Lanka,LK.BC,Batticaloa,20141001,40
LKA,Sri Lanka,LK.BC,Batticaloa,20141101,95
LKA,Sri Lanka,LK.BC,Batticaloa,20141201,176
LKA,Sri Lanka,LK.BC,Batticaloa,20150101,335
LKA,Sri Lanka,LK.BC,Batticaloa,20150201,347
LKA,Sri Lanka,LK.BC,Batticaloa,20150301,210
LKA,Sri Lanka,LK.BC,Batticaloa,20150401,124
LKA,Sri Lanka,LK.BC,Batticaloa,20150501,139
LKA,Sri Lanka,LK.BC,Batticaloa,20150601,82
LKA,Sri Lanka,LK.BC,Batticaloa,20150701,65
LKA,Sri Lanka,LK.BC,Batticaloa,20150801,18
LKA,Sri Lanka,LK.BC,Batticaloa,20150901,8
LKA,Sri Lanka,LK.BC,Batticaloa,20151001,31
LKA,Sri Lanka,LK.BC,Batticaloa,20151101,40
LKA,Sri Lanka,LK.BC,Batticaloa,20151201,75
LKA,Sri Lanka,LK.BC,Batticaloa,20160101,124
LKA,Sri Lanka,LK.BC,Batticaloa,20160201,65
LKA,Sri Lanka,LK.BC,Batticaloa,20160301,34
LKA,Sri Lanka,LK.BC,Batticaloa,20160401,31
LKA,Sri Lanka,LK.BC,Batticaloa,20160501,20
LKA,Sri Lanka,LK.BC,Batticaloa,20160601,43
LKA,Sri Lanka,LK.BC,Batticaloa,20160701,69
LKA,Sri Lanka,LK.BC,Batticaloa,20160801,38
LKA,Sri Lanka,LK.BC,Batticaloa,20160901,31
LKA,Sri Lanka,LK.TC,Trincomalee,20100101,233
LKA,Sri Lanka,LK.TC,Trincomalee,20100201,283
LKA,Sri Lanka,LK.TC,Trincomalee,20100301,145
LKA,Sri Lanka,LK.TC,Trincomalee,20100401,60
LKA,Sri Lanka,LK.TC,Trincomalee,20100501,22
LKA,Sri Lanka,LK.TC,Trincomalee,20100601,38
LKA,Sri Lanka,LK.TC,Trincomalee,20100701,89
LKA,Sri Lanka,LK.TC,Trincomalee,20100801,46
LKA,Sri Lanka,LK.TC,Trincomalee,20100901,21
LKA,Sri Lanka,LK.TC,Trincomalee,20101001,17
LKA,Sri Lanka,LK.TC,Trincomalee,20101101,11
LKA,Sri Lanka,LK.TC,Trincomalee,20101201,22
LKA,Sri Lanka,LK.TC,Trincomalee,20110101,7
LKA,Sri Lanka,LK.TC,Trincomalee,20110201,17
LKA,Sri Lanka,LK.TC,Trincomalee,20110301,25
LKA,Sri Lanka,LK.TC,Trincomalee,20110401,25
LKA,Sri Lanka,LK.TC,Trincomalee,20110501,12
LKA,Sri Lanka,LK.TC,Trincomalee,20110601,19
LKA,Sri Lanka,LK.TC,Trincomalee,20110701,21
LKA,Sri Lanka,LK.TC,Trincomalee,20110801,6
LKA,Sri Lanka,LK.TC,Trincomalee,20110901,10
LKA,Sri Lanka,LK.TC,Trincomalee,20111001,3
LKA,Sri Lanka,LK.TC,Trincomalee,20111101,8
LKA,Sri Lanka,LK.TC,Trincomalee,20111201,24
LKA,Sri Lanka,LK.TC,Trincomalee,20120101,23
LKA,Sri Lanka,LK.TC,Trincomalee,20120201,23
LKA,Sri Lanka,LK.TC,Trincomalee,20120301,26
LKA,Sri Lanka,LK.TC,Trincomalee,20120401,6
LKA,Sri Lanka,LK.TC,Trincomalee,20120501,8
LKA,Sri Lanka,LK.TC,Trincomalee,20120601,16
LKA,Sri Lanka,LK.TC,Trincomalee,20120701,8
LKA,Sri Lanka,LK.TC,Trincomalee,20120801,13
LKA,Sri Lanka,LK.TC,Trincomalee,20120901,7
LKA,Sri Lanka,LK.TC,Trincomalee,20121001,5
LKA,Sri Lanka,LK.TC,Trincomalee,20121101,15
LKA,Sri Lanka,LK.TC,Trincomalee,20121201,18
LKA,Sri Lanka,LK.TC,Trincomalee,20130101,25
LKA,Sri Lanka,LK.TC,Trincomalee,20130201,45
LKA,Sri Lanka,LK.TC,Trincomalee,20130301,31
LKA,Sri Lanka,LK.TC,Trincomalee,20130401,23
LKA,Sri Lanka,LK.TC,Trincomalee,20130501,20
LKA,Sri Lanka,LK.TC,Trincomalee,20130601,5
LKA,Sri Lanka,LK.TC,Trincomalee,20130701,15
LKA,Sri Lanka,LK.TC,Trincomalee,20130801,13
LKA,Sri Lanka,LK.TC,Trincomalee,20130901,5
LKA,Sri Lanka,LK.TC,Trincomalee,20131001,4
LKA,Sri Lanka,LK.TC,Trincomalee,20131101,7
LKA,Sri Lanka,LK.TC,Trincomalee,20131201,14
LKA,Sri Lanka,LK.TC,Trincomalee,20140101,52
LKA,Sri Lanka,LK.TC,Trincomalee,20140201,38
LKA,Sri Lanka,LK.TC,Trincomalee,20140301,77
LKA,Sri Lanka,LK.TC,Trincomalee,20140401,115
LKA,Sri Lanka,LK.TC,Trincomalee,20140501,100
LKA,Sri Lanka,LK.TC,Trincomalee,20140601,55
LKA,Sri Lanka,LK.TC,Trincomalee,20140701,34
LKA,Sri Lanka,LK.TC,Trincomalee,20140801,18
LKA,Sri Lanka,LK.TC,Trincomalee,20140901,16
LKA,Sri Lanka,LK.TC,Trincomalee,20141001,22
LKA,Sri Lanka,LK.TC,Trincomalee,20141101,55
LKA,Sri Lanka,LK.TC,Trincomalee,20141201,79
LKA,Sri Lanka,LK.TC,Trincomalee,20150101,131
LKA,Sri Lanka,LK.TC,Trincomalee,20150201,96
LKA,Sri Lanka,LK.TC,Trincomalee,20150301,59
LKA,Sri Lanka,LK.TC,Trincomalee,20150401,81
LKA,Sri Lanka,LK.TC,Trincomalee,20150501,65
LKA,Sri Lanka,LK.TC,Trincomalee,20150601,39
LKA,Sri Lanka,LK.TC,Trincomalee,20150701,30
LKA,Sri Lanka,LK.TC,Trincomalee,20150801,9
LKA,Sri Lanka,LK.TC,Trincomalee,20150901,8
LKA,Sri Lanka,LK.TC,Trincomalee,20151001,6
LKA,Sri Lanka,LK.TC,Trincomalee,20151101,15
LKA,Sri Lanka,LK.TC,Trincomalee,20151201,48
LKA,Sri Lanka,LK.TC,Trincomalee,20160101,102
LKA,Sri Lanka,LK.TC,Trincomalee,20160201,59
LKA,Sri Lanka,LK.TC,Trincomalee,20160301,42
LKA,Sri Lanka,LK.TC,Trincomalee,20160401,32
LKA,Sri Lanka,LK.TC,Trincomalee,20160501,28
LKA,Sri Lanka,LK.TC,Trincomalee,20160601,25
LKA,Sri Lanka,LK.TC,Trincomalee,20160701,35
LKA,Sri Lanka,LK.TC,Trincomalee,20160801,17
LKA,Sri Lanka,LK.TC,Trincomalee,20160901,14
LKA,Sri Lanka,LK.KG,Kurunegala,20100101,197
LKA,Sri Lanka,LK.KG,Kurunegala,20100201,142
LKA,Sri Lanka,LK.KG,Kurunegala,20100301,99
LKA,Sri Lanka,LK.KG,Kurunegala,20100401,54
LKA,Sri Lanka,LK.KG,Kurunegala,20100501,100
LKA,Sri Lanka,LK.KG,Kurunegala,20100601,151
LKA,Sri Lanka,LK.KG,Kurunegala,20100701,300
LKA,Sri Lanka,LK.KG,Kurunegala,20100801,214
LKA,Sri Lanka,LK.KG,Kurunegala,20100901,78
LKA,Sri Lanka,LK.KG,Kurunegala,20101001,47
LKA,Sri Lanka,LK.KG,Kurunegala,20101101,21
LKA,Sri Lanka,LK.KG,Kurunegala,20101201,26
LKA,Sri Lanka,LK.KG,Kurunegala,20110101,31
LKA,Sri Lanka,LK.KG,Kurunegala,20110201,49
LKA,Sri Lanka,LK.KG,Kurunegala,20110301,60
LKA,Sri Lanka,LK.KG,Kurunegala,20110401,59
LKA,Sri Lanka,LK.KG,Kurunegala,20110501,91
LKA,Sri Lanka,LK.KG,Kurunegala,20110601,116
LKA,Sri Lanka,LK.KG,Kurunegala,20110701,178
LKA,Sri Lanka,LK.KG,Kurunegala,20110801,84
LKA,Sri Lanka,LK.KG,Kurunegala,20110901,84
LKA,Sri Lanka,LK.KG,Kurunegala,20111001,71
LKA,Sri Lanka,LK.KG,Kurunegala,20111101,82
LKA,Sri Lanka,LK.KG,Kurunegala,20111201,135
LKA,Sri Lanka,LK.KG,Kurunegala,20120101,159
LKA,Sri Lanka,LK.KG,Kurunegala,20120201,148
LKA,Sri Lanka,LK.KG,Kurunegala,20120301,114
LKA,Sri Lanka,LK.KG,Kurunegala,20120401,100
LKA,Sri Lanka,LK.KG,Kurunegala,20120501,140
LKA,Sri Lanka,LK.KG,Kurunegala,20120601,342
LKA,Sri Lanka,LK.KG,Kurunegala,20120701,406
LKA,Sri Lanka,LK.KG,Kurunegala,20120801,401
LKA,Sri Lanka,LK.KG,Kurunegala,20120901,320
LKA,Sri Lanka,LK.KG,Kurunegala,20121001,311
LKA,Sri Lanka,LK.KG,Kurunegala,20121101,497
LKA,Sri Lanka,LK.KG,Kurunegala,20121201,599
LKA,Sri Lanka,LK.KG,Kurunegala,20130101,720
LKA,Sri Lanka,LK.KG,Kurunegala,20130201,485
LKA,Sri Lanka,LK.KG,Kurunegala,20130301,303
LKA,Sri Lanka,LK.KG,Kurunegala,20130401,134
LKA,Sri Lanka,LK.KG,Kurunegala,20130501,194
LKA,Sri Lanka,LK.KG,Kurunegala,20130601,195
LKA,Sri Lanka,LK.KG,Kurunegala,20130701,154
LKA,Sri Lanka,LK.KG,Kurunegala,20130801,163
LKA,Sri Lanka,LK.KG,Kurunegala,20130901,105
LKA,Sri Lanka,LK.KG,Kurunegala,20131001,104
LKA,Sri Lanka,LK.KG,Kurunegala,20131101,98
LKA,Sri Lanka,LK.KG,Kurunegala,20131201,117
LKA,Sri Lanka,LK.KG,Kurunegala,20140101,163
LKA,Sri Lanka,LK.KG,Kurunegala,20140201,106
LKA,Sri Lanka,LK.KG,Kurunegala,20140301,94
LKA,Sri Lanka,LK.KG,Kurunegala,20140401,61
LKA,Sri Lanka,LK.KG,Kurunegala,20140501,61
LKA,Sri Lanka,LK.KG,Kurunegala,20140601,303
LKA,Sri Lanka,LK.KG,Kurunegala,20140701,318
LKA,Sri Lanka,LK.KG,Kurunegala,20140801,296
LKA,Sri Lanka,LK.KG,Kurunegala,20140901,195
LKA,Sri Lanka,LK.KG,Kurunegala,20141001,287
LKA,Sri Lanka,LK.KG,Kurunegala,20141101,316
LKA,Sri Lanka,LK.KG,Kurunegala,20141201,264
LKA,Sri Lanka,LK.KG,Kurunegala,20150101,329
LKA,Sri Lanka,LK.KG,Kurunegala,20150201,178
LKA,Sri Lanka,LK.KG,Kurunegala,20150301,108
LKA,Sri Lanka,LK.KG,Kurunegala,20150401,73
LKA,Sri Lanka,LK.KG,Kurunegala,20150501,62
LKA,Sri Lanka,LK.KG,Kurunegala,20150601,61
LKA,Sri Lanka,LK.KG,Kurunegala,20150701,82
LKA,Sri Lanka,LK.KG,Kurunegala,20150801,70
LKA,Sri Lanka,LK.KG,Kurunegala,20150901,27
LKA,Sri Lanka,LK.KG,Kurunegala,20151001,56
LKA,Sri Lanka,LK.KG,Kurunegala,20151101,107
LKA,Sri Lanka,LK.KG,Kurunegala,20151201,100
LKA,Sri Lanka,LK.KG,Kurunegala,20160101,241
LKA,Sri Lanka,LK.KG,Kurunegala,20160201,170
LKA,Sri Lanka,LK.KG,Kurunegala,20160301,105
LKA,Sri Lanka,LK.KG,Kurunegala,20160401,98
LKA,Sri Lanka,LK.KG,Kurunegala,20160501,194
LKA,Sri Lanka,LK.KG,Kurunegala,20160601,361
LKA,Sri Lanka,LK.KG,Kurunegala,20160701,583
LKA,Sri Lanka,LK.KG,Kurunegala,20160801,225
LKA,Sri Lanka,LK.KG,Kurunegala,20160901,125
LKA,Sri Lanka,LK.PX,Puttalam,20100101,208
LKA,Sri Lanka,LK.PX,Puttalam,20100201,189
LKA,Sri Lanka,LK.PX,Puttalam,20100301,86
LKA,Sri Lanka,LK.PX,Puttalam,20100401,50
LKA,Sri Lanka,LK.PX,Puttalam,20100501,51
LKA,Sri Lanka,LK.PX,Puttalam,20100601,106
LKA,Sri Lanka,LK.PX,Puttalam,20100701,137
LKA,Sri Lanka,LK.PX,Puttalam,20100801,82
LKA,Sri Lanka,LK.PX,Puttalam,20100901,49
LKA,Sri Lanka,LK.PX,Puttalam,20101001,31
LKA,Sri Lanka,LK.PX,Puttalam,20101101,25
LKA,Sri Lanka,LK.PX,Puttalam,20101201,45
LKA,Sri Lanka,LK.PX,Puttalam,20110101,72
LKA,Sri Lanka,LK.PX,Puttalam,20110201,64
LKA,Sri Lanka,LK.PX,Puttalam,20110301,49
LKA,Sri Lanka,LK.PX,Puttalam,20110401,28
LKA,Sri Lanka,LK.PX,Puttalam,20110501,21
LKA,Sri Lanka,LK.PX,Puttalam,20110601,52
LKA,Sri Lanka,LK.PX,Puttalam,20110701,62
LKA,Sri Lanka,LK.PX,Puttalam,20110801,23
LKA,Sri Lanka,LK.PX,Puttalam,20110901,31
LKA,Sri Lanka,LK.PX,Puttalam,20111001,27
LKA,Sri Lanka,LK.PX,Puttalam,20111101,40
LKA,Sri Lanka,LK.PX,Puttalam,20111201,102
LKA,Sri Lanka,LK.PX,Puttalam,20120101,131
LKA,Sri Lanka,LK.PX,Puttalam,20120201,101
LKA,Sri Lanka,LK.PX,Puttalam,20120301,69
LKA,Sri Lanka,LK.PX,Puttalam,20120401,55
LKA,Sri Lanka,LK.PX,Puttalam,20120501,98
LKA,Sri Lanka,LK.PX,Puttalam,20120601,178
LKA,Sri Lanka,LK.PX,Puttalam,20120701,98
LKA,Sri Lanka,LK.PX,Puttalam,20120801,142
LKA,Sri Lanka,LK.PX,Puttalam,20120901,253
LKA,Sri Lanka,LK.PX,Puttalam,20121001,159
LKA,Sri Lanka,LK.PX,Puttalam,20121101,251
LKA,Sri Lanka,LK.PX,Puttalam,20121201,265
LKA,Sri Lanka,LK.PX,Puttalam,20130101,175
LKA,Sri Lanka,LK.PX,Puttalam,20130201,170
LKA,Sri Lanka,LK.PX,Puttalam,20130301,98
LKA,Sri Lanka,LK.PX,Puttalam,20130401,67
LKA,Sri Lanka,LK.PX,Puttalam,20130501,53
LKA,Sri Lanka,LK.PX,Puttalam,20130601,56
LKA,Sri Lanka,LK.PX,Puttalam,20130701,46
LKA,Sri Lanka,LK.PX,Puttalam,20130801,83
LKA,Sri Lanka,LK.PX,Puttalam,20130901,39
LKA,Sri Lanka,LK.PX,Puttalam,20131001,31
LKA,Sri Lanka,LK.PX,Puttalam,20131101,51
LKA,Sri Lanka,LK.PX,Puttalam,20131201,55
LKA,Sri Lanka,LK.PX,Puttalam,20140101,93
LKA,Sri Lanka,LK.PX,Puttalam,20140201,42
LKA,Sri Lanka,LK.PX,Puttalam,20140301,42
LKA,Sri Lanka,LK.PX,Puttalam,20140401,27
LKA,Sri Lanka,LK.PX,Puttalam,20140501,34
LKA,Sri Lanka,LK.PX,Puttalam,20140601,83
LKA,Sri Lanka,LK.PX,Puttalam,20140701,101
LKA,Sri Lanka,LK.PX,Puttalam,20140801,65
LKA,Sri Lanka,LK.PX,Puttalam,20140901,39
LKA,Sri Lanka,LK.PX,Puttalam,20141001,84
LKA,Sri Lanka,LK.PX,Puttalam,20141101,147
LKA,Sri Lanka,LK.PX,Puttalam,20141201,159
LKA,Sri Lanka,LK.PX,Puttalam,20150101,256
LKA,Sri Lanka,LK.PX,Puttalam,20150201,85
LKA,Sri Lanka,LK.PX,Puttalam,20150301,34
LKA,Sri Lanka,LK.PX,Puttalam,20150401,20
LKA,Sri Lanka,LK.PX,Puttalam,20150501,32
LKA,Sri Lanka,LK.PX,Puttalam,20150601,42
LKA,Sri Lanka,LK.PX,Puttalam,20150701,65
LKA,Sri Lanka,LK.PX,Puttalam,20150801,14
LKA,Sri Lanka,LK.PX,Puttalam,20150901,12
LKA,Sri Lanka,LK.PX,Puttalam,20151001,23
LKA,Sri Lanka,LK.PX,Puttalam,20151101,77
LKA,Sri Lanka,LK.PX,Puttalam,20151201,79
LKA,Sri Lanka,LK.PX,Puttalam,20160101,206
LKA,Sri Lanka,LK.PX,Puttalam,20160201,160
LKA,Sri Lanka,LK.PX,Puttalam,20160301,63
LKA,Sri Lanka,LK.PX,Puttalam,20160401,74
LKA,Sri Lanka,LK.PX,Puttalam,20160501,53
LKA,Sri Lanka,LK.PX,Puttalam,20160601,87
LKA,Sri Lanka,LK.PX,Puttalam,20160701,143
LKA,Sri Lanka,LK.PX,Puttalam,20160801,89
LKA,Sri Lanka,LK.PX,Puttalam,20160901,47
LKA,Sri Lanka,LK.AD,Anuradhapura,20100101,267
LKA,Sri Lanka,LK.AD,Anuradhapura,20100201,296
LKA,Sri Lanka,LK.AD,Anuradhapura,20100301,131
LKA,Sri Lanka,LK.AD,Anuradhapura,20100401,48
LKA,Sri Lanka,LK.AD,Anuradhapura,20100501,21
LKA,Sri Lanka,LK.AD,Anuradhapura,20100601,38
LKA,Sri Lanka,LK.AD,Anuradhapura,20100701,83
LKA,Sri Lanka,LK.AD,Anuradhapura,20100801,67
LKA,Sri Lanka,LK.AD,Anuradhapura,20100901,60
LKA,Sri Lanka,LK.AD,Anuradhapura,20101001,33
LKA,Sri Lanka,LK.AD,Anuradhapura,20101101,26
LKA,Sri Lanka,LK.AD,Anuradhapura,20101201,40
LKA,Sri Lanka,LK.AD,Anuradhapura,20110101,21
LKA,Sri Lanka,LK.AD,Anuradhapura,20110201,18
LKA,Sri Lanka,LK.AD,Anuradhapura,20110301,14
LKA,Sri Lanka,LK.AD,Anuradhapura,20110401,21
LKA,Sri Lanka,LK.AD,Anuradhapura,20110501,31
LKA,Sri Lanka,LK.AD,Anuradhapura,20110601,39
LKA,Sri Lanka,LK.AD,Anuradhapura,20110701,43
LKA,Sri Lanka,LK.AD,Anuradhapura,20110801,21
LKA,Sri Lanka,LK.AD,Anuradhapura,20110901,22
LKA,Sri Lanka,LK.AD,Anuradhapura,20111001,24
LKA,Sri Lanka,LK.AD,Anuradhapura,20111101,12
LKA,Sri Lanka,LK.AD,Anuradhapura,20111201,33
LKA,Sri Lanka,LK.AD,Anuradhapura,20120101,38
LKA,Sri Lanka,LK.AD,Anuradhapura,20120201,37
LKA,Sri Lanka,LK.AD,Anuradhapura,20120301,36
LKA,Sri Lanka,LK.AD,Anuradhapura,20120401,26
LKA,Sri Lanka,LK.AD,Anuradhapura,20120501,29
LKA,Sri Lanka,LK.AD,Anuradhapura,20120601,56
LKA,Sri Lanka,LK.AD,Anuradhapura,20120701,31
LKA,Sri Lanka,LK.AD,Anuradhapura,20120801,34
LKA,Sri Lanka,LK.AD,Anuradhapura,20120901,26
LKA,Sri Lanka,LK.AD,Anuradhapura,20121001,27
LKA,Sri Lanka,LK.AD,Anuradhapura,20121101,34
LKA,Sri Lanka,LK.AD,Anuradhapura,20121201,119
LKA,Sri Lanka,LK.AD,Anuradhapura,20130101,80
LKA,Sri Lanka,LK.AD,Anuradhapura,20130201,74
LKA,Sri Lanka,LK.AD,Anuradhapura,20130301,90
LKA,Sri Lanka,LK.AD,Anuradhapura,20130401,36
LKA,Sri Lanka,LK.AD,Anuradhapura,20130501,47
LKA,Sri Lanka,LK.AD,Anuradhapura,20130601,28
LKA,Sri Lanka,LK.AD,Anuradhapura,20130701,23
LKA,Sri Lanka,LK.AD,Anuradhapura,20130801,33
LKA,Sri Lanka,LK.AD,Anuradhapura,20130901,38
LKA,Sri Lanka,LK.AD,Anuradhapura,20131001,28
LKA,Sri Lanka,LK.AD,Anuradhapura,20131101,30
LKA,Sri Lanka,LK.AD,Anuradhapura,20131201,63
LKA,Sri Lanka,LK.AD,Anuradhapura,20140101,68
LKA,Sri Lanka,LK.AD,Anuradhapura,20140201,44
LKA,Sri Lanka,LK.AD,Anuradhapura,20140301,27
LKA,Sri Lanka,LK.AD,Anuradhapura,20140401,39
LKA,Sri Lanka,LK.AD,Anuradhapura,20140501,27
LKA,Sri Lanka,LK.AD,Anuradhapura,20140601,61
LKA,Sri Lanka,LK.AD,Anuradhapura,20140701,89
LKA,Sri Lanka,LK.AD,Anuradhapura,20140801,39
LKA,Sri Lanka,LK.AD,Anuradhapura,20140901,25
LKA,Sri Lanka,LK.AD,Anuradhapura,20141001,51
LKA,Sri Lanka,LK.AD,Anuradhapura,20141101,54
LKA,Sri Lanka,LK.AD,Anuradhapura,20141201,108
LKA,Sri Lanka,LK.AD,Anuradhapura,20150101,122
LKA,Sri Lanka,LK.AD,Anuradhapura,20150201,78
LKA,Sri Lanka,LK.AD,Anuradhapura,20150301,27
LKA,Sri Lanka,LK.AD,Anuradhapura,20150401,18
LKA,Sri Lanka,LK.AD,Anuradhapura,20150501,12
LKA,Sri Lanka,LK.AD,Anuradhapura,20150601,15
LKA,Sri Lanka,LK.AD,Anuradhapura,20150701,18
LKA,Sri Lanka,LK.AD,Anuradhapura,20150801,13
LKA,Sri Lanka,LK.AD,Anuradhapura,20150901,14
LKA,Sri Lanka,LK.AD,Anuradhapura,20151001,12
LKA,Sri Lanka,LK.AD,Anuradhapura,20151101,29
LKA,Sri Lanka,LK.AD,Anuradhapura,20151201,43
LKA,Sri Lanka,LK.AD,Anuradhapura,20160101,98
LKA,Sri Lanka,LK.AD,Anuradhapura,20160201,65
LKA,Sri Lanka,LK.AD,Anuradhapura,20160301,33
LKA,Sri Lanka,LK.AD,Anuradhapura,20160401,50
LKA,Sri Lanka,LK.AD,Anuradhapura,20160501,29
LKA,Sri Lanka,LK.AD,Anuradhapura,20160601,40
LKA,Sri Lanka,LK.AD,Anuradhapura,20160701,137
LKA,Sri Lanka,LK.AD,Anuradhapura,20160801,90
LKA,Sri Lanka,LK.AD,Anuradhapura,20160901,68
LKA,Sri Lanka,LK.PR,Polonnaruwa,20100101,33
LKA,Sri Lanka,LK.PR,Polonnaruwa,20100201,42
LKA,Sri Lanka,LK.PR,Polonnaruwa,20100301,34
LKA,Sri Lanka,LK.PR,Polonnaruwa,20100401,50
LKA,Sri Lanka,LK.PR,Polonnaruwa,20100501,60
LKA,Sri Lanka,LK.PR,Polonnaruwa,20100601,61
LKA,Sri Lanka,LK.PR,Polonnaruwa,20100701,51
LKA,Sri Lanka,LK.PR,Polonnaruwa,20100801,30
LKA,Sri Lanka,LK.PR,Polonnaruwa,20100901,21
LKA,Sri Lanka,LK.PR,Polonnaruwa,20101001,8
LKA,Sri Lanka,LK.PR,Polonnaruwa,20101101,5
LKA,Sri Lanka,LK.PR,Polonnaruwa,20101201,7
LKA,Sri Lanka,LK.PR,Polonnaruwa,20110101,5
LKA,Sri Lanka,LK.PR,Polonnaruwa,20110201,38
LKA,Sri Lanka,LK.PR,Polonnaruwa,20110301,20
LKA,Sri Lanka,LK.PR,Polonnaruwa,20110401,28
LKA,Sri Lanka,LK.PR,Polonnaruwa,20110501,38
LKA,Sri Lanka,LK.PR,Polonnaruwa,20110601,44
LKA,Sri Lanka,LK.PR,Polonnaruwa,20110701,36
LKA,Sri Lanka,LK.PR,Polonnaruwa,20110801,23
LKA,Sri Lanka,LK.PR,Polonnaruwa,20110901,18
LKA,Sri Lanka,LK.PR,Polonnaruwa,20111001,16
LKA,Sri Lanka,LK.PR,Polonnaruwa,20111101,6
LKA,Sri Lanka,LK.PR,Polonnaruwa,20111201,32
LKA,Sri Lanka,LK.PR,Polonnaruwa,20120101,25
LKA,Sri Lanka,LK.PR,Polonnaruwa,20120201,27
LKA,Sri Lanka,LK.PR,Polonnaruwa,20120301,21
LKA,Sri Lanka,LK.PR,Polonnaruwa,20120401,11
LKA,Sri Lanka,LK.PR,Polonnaruwa,20120501,17
LKA,Sri Lanka,LK.PR,Polonnaruwa,20120601,37
LKA,Sri Lanka,LK.PR,Polonnaruwa,20120701,22
LKA,Sri Lanka,LK.PR,Polonnaruwa,20120801,38
LKA,Sri Lanka,LK.PR,Polonnaruwa,20120901,12
LKA,Sri Lanka,LK.PR,Polonnaruwa,20121001,21
LKA,Sri Lanka,LK.PR,Polonnaruwa,20121101,15
LKA,Sri Lanka,LK.PR,Polonnaruwa,20121201,43
LKA,Sri Lanka,LK.PR,Polonnaruwa,20130101,34
LKA,Sri Lanka,LK.PR,Polonnaruwa,20130201,40
LKA,Sri Lanka,LK.PR,Polonnaruwa,20130301,47
LKA,Sri Lanka,LK.PR,Polonnaruwa,20130401,41
LKA,Sri Lanka,LK.PR,Polonnaruwa,20130501,28
LKA,Sri Lanka,LK.PR,Polonnaruwa,20130601,19
LKA,Sri Lanka,LK.PR,Polonnaruwa,20130701,43
LKA,Sri Lanka,LK.PR,Polonnaruwa,20130801,76
LKA,Sri Lanka,LK.PR,Polonnaruwa,20130901,47
LKA,Sri Lanka,LK.PR,Polonnaruwa,20131001,41
LKA,Sri Lanka,LK.PR,Polonnaruwa,20131101,45
LKA,Sri Lanka,LK.PR,Polonnaruwa,20131201,46
LKA,Sri Lanka,LK.PR,Polonnaruwa,20140101,75
LKA,Sri Lanka,LK.PR,Polonnaruwa,20140201,45
LKA,Sri Lanka,LK.PR,Polonnaruwa,20140301,38
LKA,Sri Lanka,LK.PR,Polonnaruwa,20140401,33
LKA,Sri Lanka,LK.PR,Polonnaruwa,20140501,24
LKA,Sri Lanka,LK.PR,Polonnaruwa,20140601,62
LKA,Sri Lanka,LK.PR,Polonnaruwa,20140701,79
LKA,Sri Lanka,LK.PR,Polonnaruwa,20140801,33
LKA,Sri Lanka,LK.PR,Polonnaruwa,20140901,27
LKA,Sri Lanka,LK.PR,Polonnaruwa,20141001,42
LKA,Sri Lanka,LK.PR,Polonnaruwa,20141101,53
LKA,Sri Lanka,LK.PR,Polonnaruwa,20141201,47
LKA,Sri Lanka,LK.PR,Polonnaruwa,20150101,47
LKA,Sri Lanka,LK.PR,Polonnaruwa,20150201,48
LKA,Sri Lanka,LK.PR,Polonnaruwa,20150301,13
LKA,Sri Lanka,LK.PR,Polonnaruwa,20150401,9
LKA,Sri Lanka,LK.PR,Polonnaruwa,20150501,12
LKA,Sri Lanka,LK.PR,Polonnaruwa,20150601,9
LKA,Sri Lanka,LK.PR,Polonnaruwa,20150701,18
LKA,Sri Lanka,LK.PR,Polonnaruwa,20150801,12
LKA,Sri Lanka,LK.PR,Polonnaruwa,20150901,8
LKA,Sri Lanka,LK.PR,Polonnaruwa,20151001,21
LKA,Sri Lanka,LK.PR,Polonnaruwa,20151101,25
LKA,Sri Lanka,LK.PR,Polonnaruwa,20151201,28
LKA,Sri Lanka,LK.PR,Polonnaruwa,20160101,60
LKA,Sri Lanka,LK.PR,Polonnaruwa,20160201,48
LKA,Sri Lanka,LK.PR,Polonnaruwa,20160301,24
LKA,Sri Lanka,LK.PR,Polonnaruwa,20160401,33
LKA,Sri Lanka,LK.PR,Polonnaruwa,20160501,20
LKA,Sri Lanka,LK.PR,Polonnaruwa,20160601,31
LKA,Sri Lanka,LK.PR,Polonnaruwa,20160701,110
LKA,Sri Lanka,LK.PR,Polonnaruwa,20160801,38
LKA,Sri Lanka,LK.PR,Polonnaruwa,20160901,27
LKA,Sri Lanka,LK.BD,Badulla,20100101,71
LKA,Sri Lanka,LK.BD,Badulla,20100201,68
LKA,Sri Lanka,LK.BD,Badulla,20100301,49
LKA,Sri Lanka,LK.BD,Badulla,20100401,47
LKA,Sri Lanka,LK.BD,Badulla,20100501,69
LKA,Sri Lanka,LK.BD,Badulla,20100601,118
LKA,Sri Lanka,LK.BD,Badulla,20100701,372
LKA,Sri Lanka,LK.BD,Badulla,20100801,319
LKA,Sri Lanka,LK.BD,Badulla,20100901,120
LKA,Sri Lanka,LK.BD,Badulla,20101001,43
LKA,Sri Lanka,LK.BD,Badulla,20101101,26
LKA,Sri Lanka,LK.BD,Badulla,20101201,40
LKA,Sri Lanka,LK.BD,Badulla,20110101,22
LKA,Sri Lanka,LK.BD,Badulla,20110201,21
LKA,Sri Lanka,LK.BD,Badulla,20110301,15
LKA,Sri Lanka,LK.BD,Badulla,20110401,36
LKA,Sri Lanka,LK.BD,Badulla,20110501,31
LKA,Sri Lanka,LK.BD,Badulla,20110601,65
LKA,Sri Lanka,LK.BD,Badulla,20110701,201
LKA,Sri Lanka,LK.BD,Badulla,20110801,54
LKA,Sri Lanka,LK.BD,Badulla,20110901,46
LKA,Sri Lanka,LK.BD,Badulla,20111001,39
LKA,Sri Lanka,LK.BD,Badulla,20111101,49
LKA,Sri Lanka,LK.BD,Badulla,20111201,53
LKA,Sri Lanka,LK.BD,Badulla,20120101,40
LKA,Sri Lanka,LK.BD,Badulla,20120201,22
LKA,Sri Lanka,LK.BD,Badulla,20120301,13
LKA,Sri Lanka,LK.BD,Badulla,20120401,11
LKA,Sri Lanka,LK.BD,Badulla,20120501,20
LKA,Sri Lanka,LK.BD,Badulla,20120601,57
LKA,Sri Lanka,LK.BD,Badulla,20120701,48
LKA,Sri Lanka,LK.BD,Badulla,20120801,40
LKA,Sri Lanka,LK.BD,Badulla,20120901,35
LKA,Sri Lanka,LK.BD,Badulla,20121001,41
LKA,Sri Lanka,LK.BD,Badulla,20121101,49
LKA,Sri Lanka,LK.BD,Badulla,20121201,54
LKA,Sri Lanka,LK.BD,Badulla,20130101,42
LKA,Sri Lanka,LK.BD,Badulla,20130201,49
LKA,Sri Lanka,LK.BD,Badulla,20130301,45
LKA,Sri Lanka,LK.BD,Badulla,20130401,32
LKA,Sri Lanka,LK.BD,Badulla,20130501,46
LKA,Sri Lanka,LK.BD,Badulla,20130601,46
LKA,Sri Lanka,LK.BD,Badulla,20130701,77
LKA,Sri Lanka,LK.BD,Badulla,20130801,58
LKA,Sri Lanka,LK.BD,Badulla,20130901,38
LKA,Sri Lanka,LK.BD,Badulla,20131001,26
LKA,Sri Lanka,LK.BD,Badulla,20131101,50
LKA,Sri Lanka,LK.BD,Badulla,20131201,33
LKA,Sri Lanka,LK.BD,Badulla,20140101,56
LKA,Sri Lanka,LK.BD,Badulla,20140201,43
LKA,Sri Lanka,LK.BD,Badulla,20140301,36
LKA,Sri Lanka,LK.BD,Badulla,20140401,12
LKA,Sri Lanka,LK.BD,Badulla,20140501,56
LKA,Sri Lanka,LK.BD,Badulla,20140601,90
LKA,Sri Lanka,LK.BD,Badulla,20140701,79
LKA,Sri Lanka,LK.BD,Badulla,20140801,84
LKA,Sri Lanka,LK.BD,Badulla,20140901,76
LKA,Sri Lanka,LK.BD,Badulla,20141001,129
LKA,Sri Lanka,LK.BD,Badulla,20141101,221
LKA,Sri Lanka,LK.BD,Badulla,20141201,231
LKA,Sri Lanka,LK.BD,Badulla,20150101,195
LKA,Sri Lanka,LK.BD,Badulla,20150201,60
LKA,Sri Lanka,LK.BD,Badulla,20150301,30
LKA,Sri Lanka,LK.BD,Badulla,20150401,31
LKA,Sri Lanka,LK.BD,Badulla,20150501,22
LKA,Sri Lanka,LK.BD,Badulla,20150601,30
LKA,Sri Lanka,LK.BD,Badulla,20150701,33
LKA,Sri Lanka,LK.BD,Badulla,20150801,19
LKA,Sri Lanka,LK.BD,Badulla,20150901,10
LKA,Sri Lanka,LK.BD,Badulla,20151001,35
LKA,Sri Lanka,LK.BD,Badulla,20151101,54
LKA,Sri Lanka,LK.BD,Badulla,20151201,47
LKA,Sri Lanka,LK.BD,Badulla,20160101,85
LKA,Sri Lanka,LK.BD,Badulla,20160201,40
LKA,Sri Lanka,LK.BD,Badulla,20160301,55
LKA,Sri Lanka,LK.BD,Badulla,20160401,43
LKA,Sri Lanka,LK.BD,Badulla,20160501,32
LKA,Sri Lanka,LK.BD,Badulla,20160601,107
LKA,Sri Lanka,LK.BD,Badulla,20160701,169
LKA,Sri Lanka,LK.BD,Badulla,20160801,68
LKA,Sri Lanka,LK.BD,Badulla,20160901,126
LKA,Sri Lanka,LK.MJ,Moneragala,20100101,50
LKA,Sri Lanka,LK.MJ,Moneragala,20100201,39
LKA,Sri Lanka,LK.MJ,Moneragala,20100301,55
LKA,Sri Lanka,LK.MJ,Moneragala,20100401,67
LKA,Sri Lanka,LK.MJ,Moneragala,20100501,53
LKA,Sri Lanka,LK.MJ,Moneragala,20100601,93
LKA,Sri Lanka,LK.MJ,Moneragala,20100701,314
LKA,Sri Lanka,LK.MJ,Moneragala,20100801,219
LKA,Sri Lanka,LK.MJ,Moneragala,20100901,65
LKA,Sri Lanka,LK.MJ,Moneragala,20101001,50
LKA,Sri Lanka,LK.MJ,Moneragala,20101101,42
LKA,Sri Lanka,LK.MJ,Moneragala,20101201,24
LKA,Sri Lanka,LK.MJ,Moneragala,20110101,17
LKA,Sri Lanka,LK.MJ,Moneragala,20110201,24
LKA,Sri Lanka,LK.MJ,Moneragala,20110301,15
LKA,Sri Lanka,LK.MJ,Moneragala,20110401,33
LKA,Sri Lanka,LK.MJ,Moneragala,20110501,16
LKA,Sri Lanka,LK.MJ,Moneragala,20110601,18
LKA,Sri Lanka,LK.MJ,Moneragala,20110701,32
LKA,Sri Lanka,LK.MJ,Moneragala,20110801,17
LKA,Sri Lanka,LK.MJ,Moneragala,20110901,34
LKA,Sri Lanka,LK.MJ,Moneragala,20111001,30
LKA,Sri Lanka,LK.MJ,Moneragala,20111101,40
LKA,Sri Lanka,LK.MJ,Moneragala,20111201,36
LKA,Sri Lanka,LK.MJ,Moneragala,20120101,16
LKA,Sri Lanka,LK.MJ,Moneragala,20120201,23
LKA,Sri Lanka,LK.MJ,Moneragala,20120301,23
LKA,Sri Lanka,LK.MJ,Moneragala,20120401,15
LKA,Sri Lanka,LK.MJ,Moneragala,20120501,22
LKA,Sri Lanka,LK.MJ,Moneragala,20120601,38
LKA,Sri Lanka,LK.MJ,Moneragala,20120701,33
LKA,Sri Lanka,LK.MJ,Moneragala,20120801,36
LKA,Sri Lanka,LK.MJ,Moneragala,20120901,16
LKA,Sri Lanka,LK.MJ,Moneragala,20121001,17
LKA,Sri Lanka,LK.MJ,Moneragala,20121101,29
LKA,Sri Lanka,LK.MJ,Moneragala,20121201,19
LKA,Sri Lanka,LK.MJ,Moneragala,20130101,34
LKA,Sri Lanka,LK.MJ,Moneragala,20130201,19
LKA,Sri Lanka,LK.MJ,Moneragala,20130301,27
LKA,Sri Lanka,LK.MJ,Moneragala,20130401,23
LKA,Sri Lanka,LK.MJ,Moneragala,20130501,17
LKA,Sri Lanka,LK.MJ,Moneragala,20130601,18
LKA,Sri Lanka,LK.MJ,Moneragala,20130701,28
LKA,Sri Lanka,LK.MJ,Moneragala,20130801,26
LKA,Sri Lanka,LK.MJ,Moneragala,20130901,19
LKA,Sri Lanka,LK.MJ,Moneragala,20131001,24
LKA,Sri Lanka,LK.MJ,Moneragala,20131101,20
LKA,Sri Lanka,LK.MJ,Moneragala,20131201,16
LKA,Sri Lanka,LK.MJ,Moneragala,20140101,23
LKA,Sri Lanka,LK.MJ,Moneragala,20140201,24
LKA,Sri Lanka,LK.MJ,Moneragala,20140301,21
LKA,Sri Lanka,LK.MJ,Moneragala,20140401,9
LKA,Sri Lanka,LK.MJ,Moneragala,20140501,10
LKA,Sri Lanka,LK.MJ,Moneragala,20140601,34
LKA,Sri Lanka,LK.MJ,Moneragala,20140701,48
LKA,Sri Lanka,LK.MJ,Moneragala,20140801,32
LKA,Sri Lanka,LK.MJ,Moneragala,20140901,20
LKA,Sri Lanka,LK.MJ,Moneragala,20141001,27
LKA,Sri Lanka,LK.MJ,Moneragala,20141101,44
LKA,Sri Lanka,LK.MJ,Moneragala,20141201,21
LKA,Sri Lanka,LK.MJ,Moneragala,20150101,46
LKA,Sri Lanka,LK.MJ,Moneragala,20150201,29
LKA,Sri Lanka,LK.MJ,Moneragala,20150301,15
LKA,Sri Lanka,LK.MJ,Moneragala,20150401,7
LKA,Sri Lanka,LK.MJ,Moneragala,20150501,7
LKA,Sri Lanka,LK.MJ,Moneragala,20150601,18
LKA,Sri Lanka,LK.MJ,Moneragala,20150701,16
LKA,Sri Lanka,LK.MJ,Moneragala,20150801,14
LKA,Sri Lanka,LK.MJ,Moneragala,20150901,2
LKA,Sri Lanka,LK.MJ,Moneragala,20151001,16
LKA,Sri Lanka,LK.MJ,Moneragala,20151101,23
LKA,Sri Lanka,LK.MJ,Moneragala,20151201,30
LKA,Sri Lanka,LK.MJ,Moneragala,20160101,58
LKA,Sri Lanka,LK.MJ,Moneragala,20160201,32
LKA,Sri Lanka,LK.MJ,Moneragala,20160301,23
LKA,Sri Lanka,LK.MJ,Moneragala,20160401,31
LKA,Sri Lanka,LK.MJ,Moneragala,20160501,18
LKA,Sri Lanka,LK.MJ,Moneragala,20160601,23
LKA,Sri Lanka,LK.MJ,Moneragala,20160701,68
LKA,Sri Lanka,LK.MJ,Moneragala,20160801,56
LKA,Sri Lanka,LK.MJ,Moneragala,20160901,46
LKA,Sri Lanka,LK.RN,Ratnapura,20100101,93
LKA,Sri Lanka,LK.RN,Ratnapura,20100201,141
LKA,Sri Lanka,LK.RN,Ratnapura,20100301,234
LKA,Sri Lanka,LK.RN,Ratnapura,20100401,-1
LKA,Sri Lanka,LK.RN,Ratnapura,20100501,274
LKA,Sri Lanka,LK.RN,Ratnapura,20100601,432
LKA,Sri Lanka,LK.RN,Ratnapura,20100701,492
LKA,Sri Lanka,LK.RN,Ratnapura,20100801,438
LKA,Sri Lanka,LK.RN,Ratnapura,20100901,246
LKA,Sri Lanka,LK.RN,Ratnapura,20101001,118
LKA,Sri Lanka,LK.RN,Ratnapura,20101101,53
LKA,Sri Lanka,LK.RN,Ratnapura,20101201,46
LKA,Sri Lanka,LK.RN,Ratnapura,20110101,47
LKA,Sri Lanka,LK.RN,Ratnapura,20110201,38
LKA,Sri Lanka,LK.RN,Ratnapura,20110301,40
LKA,Sri Lanka,LK.RN,Ratnapura,20110401,113
LKA,Sri Lanka,LK.RN,Ratnapura,20110501,89
LKA,Sri Lanka,LK.RN,Ratnapura,20110601,118
LKA,Sri Lanka,LK.RN,Ratnapura,20110701,153
LKA,Sri Lanka,LK.RN,Ratnapura,20110801,86
LKA,Sri Lanka,LK.RN,Ratnapura,20110901,117
LKA,Sri Lanka,LK.RN,Ratnapura,20111001,87
LKA,Sri Lanka,LK.RN,Ratnapura,20111101,91
LKA,Sri Lanka,LK.RN,Ratnapura,20111201,181
LKA,Sri Lanka,LK.RN,Ratnapura,20120101,126
LKA,Sri Lanka,LK.RN,Ratnapura,20120201,153
LKA,Sri Lanka,LK.RN,Ratnapura,20120301,160
LKA,Sri Lanka,LK.RN,Ratnapura,20120401,183
LKA,Sri Lanka,LK.RN,Ratnapura,20120501,257
LKA,Sri Lanka,LK.RN,Ratnapura,20120601,874
LKA,Sri Lanka,LK.RN,Ratnapura,20120701,621
LKA,Sri Lanka,LK.RN,Ratnapura,20120801,648
LKA,Sri Lanka,LK.RN,Ratnapura,20120901,310
LKA,Sri Lanka,LK.RN,Ratnapura,20121001,194
LKA,Sri Lanka,LK.RN,Ratnapura,20121101,262
LKA,Sri Lanka,LK.RN,Ratnapura,20121201,150
LKA,Sri Lanka,LK.RN,Ratnapura,20130101,131
LKA,Sri Lanka,LK.RN,Ratnapura,20130201,148
LKA,Sri Lanka,LK.RN,Ratnapura,20130301,220
LKA,Sri Lanka,LK.RN,Ratnapura,20130401,217
LKA,Sri Lanka,LK.RN,Ratnapura,20130501,253
LKA,Sri Lanka,LK.RN,Ratnapura,20130601,185
LKA,Sri Lanka,LK.RN,Ratnapura,20130701,169
LKA,Sri Lanka,LK.RN,Ratnapura,20130801,146
LKA,Sri Lanka,LK.RN,Ratnapura,20130901,90
LKA,Sri Lanka,LK.RN,Ratnapura,20131001,44
LKA,Sri Lanka,LK.RN,Ratnapura,20131101,70
LKA,Sri Lanka,LK.RN,Ratnapura,20131201,56
LKA,Sri Lanka,LK.RN,Ratnapura,20140101,91
LKA,Sri Lanka,LK.RN,Ratnapura,20140201,43
LKA,Sri Lanka,LK.RN,Ratnapura,20140301,58
LKA,Sri Lanka,LK.RN,Ratnapura,20140401,52
LKA,Sri Lanka,LK.RN,Ratnapura,20140501,370
LKA,Sri Lanka,LK.RN,Ratnapura,20140601,866
LKA,Sri Lanka,LK.RN,Ratnapura,20140701,457
LKA,Sri Lanka,LK.RN,Ratnapura,20140801,343
LKA,Sri Lanka,LK.RN,Ratnapura,20140901,148
LKA,Sri Lanka,LK.RN,Ratnapura,20141001,171
LKA,Sri Lanka,LK.RN,Ratnapura,20141101,124
LKA,Sri Lanka,LK.RN,Ratnapura,20141201,100
LKA,Sri Lanka,LK.RN,Ratnapura,20150101,163
LKA,Sri Lanka,LK.RN,Ratnapura,20150201,122
LKA,Sri Lanka,LK.RN,Ratnapura,20150301,90
LKA,Sri Lanka,LK.RN,Ratnapura,20150401,59
LKA,Sri Lanka,LK.RN,Ratnapura,20150501,70
LKA,Sri Lanka,LK.RN,Ratnapura,20150601,68
LKA,Sri Lanka,LK.RN,Ratnapura,20150701,105
LKA,Sri Lanka,LK.RN,Ratnapura,20150801,74
LKA,Sri Lanka,LK.RN,Ratnapura,20150901,46
LKA,Sri Lanka,LK.RN,Ratnapura,20151001,64
LKA,Sri Lanka,LK.RN,Ratnapura,20151101,93
LKA,Sri Lanka,LK.RN,Ratnapura,20151201,87
LKA,Sri Lanka,LK.RN,Ratnapura,20160101,211
LKA,Sri Lanka,LK.RN,Ratnapura,20160201,135
LKA,Sri Lanka,LK.RN,Ratnapura,20160301,169
LKA,Sri Lanka,LK.RN,Ratnapura,20160401,237
LKA,Sri Lanka,LK.RN,Ratnapura,20160501,241
LKA,Sri Lanka,LK.RN,Ratnapura,20160601,395
LKA,Sri Lanka,LK.RN,Ratnapura,20160701,681
LKA,Sri Lanka,LK.RN,Ratnapura,20160801,245
LKA,Sri Lanka,LK.RN,Ratnapura,20160901,182
LKA,Sri Lanka,LK.KE,Kegalle,20100101,90
LKA,Sri Lanka,LK.KE,Kegalle,20100201,136
LKA,Sri Lanka,LK.KE,Kegalle,20100301,76
LKA,Sri Lanka,LK.KE,Kegalle,20100401,49
LKA,Sri Lanka,LK.KE,Kegalle,20100501,53
LKA,Sri Lanka,LK.KE,Kegalle,20100601,117
LKA,Sri Lanka,LK.KE,Kegalle,20100701,161
LKA,Sri Lanka,LK.KE,Kegalle,20100801,104
LKA,Sri Lanka,LK.KE,Kegalle,20100901,64
LKA,Sri Lanka,LK.KE,Kegalle,20101001,25
LKA,Sri Lanka,LK.KE,Kegalle,20101101,22
LKA,Sri Lanka,LK.KE,Kegalle,20101201,21
LKA,Sri Lanka,LK.KE,Kegalle,20110101,15
LKA,Sri Lanka,LK.KE,Kegalle,20110201,24
LKA,Sri Lanka,LK.KE,Kegalle,20110301,28
LKA,Sri Lanka,LK.KE,Kegalle,20110401,51
LKA,Sri Lanka,LK.KE,Kegalle,20110501,48
LKA,Sri Lanka,LK.KE,Kegalle,20110601,120
LKA,Sri Lanka,LK.KE,Kegalle,20110701,141
LKA,Sri Lanka,LK.KE,Kegalle,20110801,81
LKA,Sri Lanka,LK.KE,Kegalle,20110901,156
LKA,Sri Lanka,LK.KE,Kegalle,20111001,176
LKA,Sri Lanka,LK.KE,Kegalle,20111101,88
LKA,Sri Lanka,LK.KE,Kegalle,20111201,152
LKA,Sri Lanka,LK.KE,Kegalle,20120101,173
LKA,Sri Lanka,LK.KE,Kegalle,20120201,144
LKA,Sri Lanka,LK.KE,Kegalle,20120301,121
LKA,Sri Lanka,LK.KE,Kegalle,20120401,146
LKA,Sri Lanka,LK.KE,Kegalle,20120501,213
LKA,Sri Lanka,LK.KE,Kegalle,20120601,557
LKA,Sri Lanka,LK.KE,Kegalle,20120701,385
LKA,Sri Lanka,LK.KE,Kegalle,20120801,331
LKA,Sri Lanka,LK.KE,Kegalle,20120901,174
LKA,Sri Lanka,LK.KE,Kegalle,20121001,148
LKA,Sri Lanka,LK.KE,Kegalle,20121101,156
LKA,Sri Lanka,LK.KE,Kegalle,20121201,157
LKA,Sri Lanka,LK.KE,Kegalle,20130101,134
LKA,Sri Lanka,LK.KE,Kegalle,20130201,106
LKA,Sri Lanka,LK.KE,Kegalle,20130301,99
LKA,Sri Lanka,LK.KE,Kegalle,20130401,91
LKA,Sri Lanka,LK.KE,Kegalle,20130501,113
LKA,Sri Lanka,LK.KE,Kegalle,20130601,104
LKA,Sri Lanka,LK.KE,Kegalle,20130701,98
LKA,Sri Lanka,LK.KE,Kegalle,20130801,137
LKA,Sri Lanka,LK.KE,Kegalle,20130901,62
LKA,Sri Lanka,LK.KE,Kegalle,20131001,83
LKA,Sri Lanka,LK.KE,Kegalle,20131101,117
LKA,Sri Lanka,LK.KE,Kegalle,20131201,93
LKA,Sri Lanka,LK.KE,Kegalle,20140101,84
LKA,Sri Lanka,LK.KE,Kegalle,20140201,58
LKA,Sri Lanka,LK.KE,Kegalle,20140301,54
LKA,Sri Lanka,LK.KE,Kegalle,20140401,60
LKA,Sri Lanka,LK.KE,Kegalle,20140501,179
LKA,Sri Lanka,LK.KE,Kegalle,20140601,320
LKA,Sri Lanka,LK.KE,Kegalle,20140701,242
LKA,Sri Lanka,LK.KE,Kegalle,20140801,231
LKA,Sri Lanka,LK.KE,Kegalle,20140901,89
LKA,Sri Lanka,LK.KE,Kegalle,20141001,132
LKA,Sri Lanka,LK.KE,Kegalle,20141101,151
LKA,Sri Lanka,LK.KE,Kegalle,20141201,124
LKA,Sri Lanka,LK.KE,Kegalle,20150101,104
LKA,Sri Lanka,LK.KE,Kegalle,20150201,57
LKA,Sri Lanka,LK.KE,Kegalle,20150301,36
LKA,Sri Lanka,LK.KE,Kegalle,20150401,40
LKA,Sri Lanka,LK.KE,Kegalle,20150501,54
LKA,Sri Lanka,LK.KE,Kegalle,20150601,38
LKA,Sri Lanka,LK.KE,Kegalle,20150701,50
LKA,Sri Lanka,LK.KE,Kegalle,20150801,49
LKA,Sri Lanka,LK.KE,Kegalle,20150901,36
LKA,Sri Lanka,LK.KE,Kegalle,20151001,70
LKA,Sri Lanka,LK.KE,Kegalle,20151101,80
LKA,Sri Lanka,LK.KE,Kegalle,20151201,97
LKA,Sri Lanka,LK.KE,Kegalle,20160101,198
LKA,Sri Lanka,LK.KE,Kegalle,20160201,153
LKA,Sri Lanka,LK.KE,Kegalle,20160301,66
LKA,Sri Lanka,LK.KE,Kegalle,20160401,88
LKA,Sri Lanka,LK.KE,Kegalle,20160501,100
LKA,Sri Lanka,LK.KE,Kegalle,20160601,149
LKA,Sri Lanka,LK.KE,Kegalle,20160701,209
LKA,Sri Lanka,LK.KE,Kegalle,20160801,153
LKA,Sri Lanka,LK.KE,Kegalle,20160901,104
LKA,Sri Lanka,LK.AP,Ampara,20100101,227
LKA,Sri Lanka,LK.AP,Ampara,20100201,187
LKA,Sri Lanka,LK.AP,Ampara,20100301,96
LKA,Sri Lanka,LK.AP,Ampara,20100401,76
LKA,Sri Lanka,LK.AP,Ampara,20100501,22
LKA,Sri Lanka,LK.AP,Ampara,20100601,14
LKA,Sri Lanka,LK.AP,Ampara,20100701,35
LKA,Sri Lanka,LK.AP,Ampara,20100801,30
LKA,Sri Lanka,LK.AP,Ampara,20100901,25
LKA,Sri Lanka,LK.AP,Ampara,20101001,15
LKA,Sri Lanka,LK.AP,Ampara,20101101,24
LKA,Sri Lanka,LK.AP,Ampara,20101201,23
LKA,Sri Lanka,LK.AP,Ampara,20110101,15
LKA,Sri Lanka,LK.AP,Ampara,20110201,7
LKA,Sri Lanka,LK.AP,Ampara,20110301,8
LKA,Sri Lanka,LK.AP,Ampara,20110401,24
LKA,Sri Lanka,LK.AP,Ampara,20110501,12
LKA,Sri Lanka,LK.AP,Ampara,20110601,32
LKA,Sri Lanka,LK.AP,Ampara,20110701,28
LKA,Sri Lanka,LK.AP,Ampara,20110801,11
LKA,Sri Lanka,LK.AP,Ampara,20110901,26
LKA,Sri Lanka,LK.AP,Ampara,20111001,18
LKA,Sri Lanka,LK.AP,Ampara,20111101,22
LKA,Sri Lanka,LK.AP,Ampara,20111201,81
LKA,Sri Lanka,LK.AP,Ampara,20120101,59
LKA,Sri Lanka,LK.AP,Ampara,20120201,49
LKA,Sri Lanka,LK.AP,Ampara,20120301,29
LKA,Sri Lanka,LK.AP,Ampara,20120401,17
LKA,Sri Lanka,LK.AP,Ampara,20120501,31
LKA,Sri Lanka,LK.AP,Ampara,20120601,38
LKA,Sri Lanka,LK.AP,Ampara,20120701,38
LKA,Sri Lanka,LK.AP,Ampara,20120801,24
LKA,Sri Lanka,LK.AP,Ampara,20120901,12
LKA,Sri Lanka,LK.AP,Ampara,20121001,33
LKA,Sri Lanka,LK.AP,Ampara,20121101,83
LKA,Sri Lanka,LK.AP,Ampara,20121201,144
LKA,Sri Lanka,LK.AP,Ampara,20130101,108
LKA,Sri Lanka,LK.AP,Ampara,20130201,159
LKA,Sri Lanka,LK.AP,Ampara,20130301,158
LKA,Sri Lanka,LK.AP,Ampara,20130401,51
LKA,Sri Lanka,LK.AP,Ampara,20130501,53
LKA,Sri Lanka,LK.AP,Ampara,20130601,27
LKA,Sri Lanka,LK.AP,Ampara,20130701,35
LKA,Sri Lanka,LK.AP,Ampara,20130801,30
LKA,Sri Lanka,LK.AP,Ampara,20130901,29
LKA,Sri Lanka,LK.AP,Ampara,20131001,22
LKA,Sri Lanka,LK.AP,Ampara,20131101,36
LKA,Sri Lanka,LK.AP,Ampara,20131201,38
LKA,Sri Lanka,LK.AP,Ampara,20140101,34
LKA,Sri Lanka,LK.AP,Ampara,20140201,28
LKA,Sri Lanka,LK.AP,Ampara,20140301,22
LKA,Sri Lanka,LK.AP,Ampara,20140401,21
LKA,Sri Lanka,LK.AP,Ampara,20140501,27
LKA,Sri Lanka,LK.AP,Ampara,20140601,49
LKA,Sri Lanka,LK.AP,Ampara,20140701,28
LKA,Sri Lanka,LK.AP,Ampara,20140801,36
LKA,Sri Lanka,LK.AP,Ampara,20140901,15
LKA,Sri Lanka,LK.AP,Ampara,20141001,43
LKA,Sri Lanka,LK.AP,Ampara,20141101,219
LKA,Sri Lanka,LK.AP,Ampara,20141201,153
LKA,Sri Lanka,LK.AP,Ampara,20150101,238
LKA,Sri Lanka,LK.AP,Ampara,20150201,92
LKA,Sri Lanka,LK.AP,Ampara,20150301,35
LKA,Sri Lanka,LK.AP,Ampara,20150401,21
LKA,Sri Lanka,LK.AP,Ampara,20150501,34
LKA,Sri Lanka,LK.AP,Ampara,20150601,28
LKA,Sri Lanka,LK.AP,Ampara,20150701,17
LKA,Sri Lanka,LK.AP,Ampara,20150801,22
LKA,Sri Lanka,LK.AP,Ampara,20150901,19
LKA,Sri Lanka,LK.AP,Ampara,20151001,10
LKA,Sri Lanka,LK.AP,Ampara,20151101,25
LKA,Sri Lanka,LK.AP,Ampara,20151201,64
LKA,Sri Lanka,LK.AP,Ampara,20160101,160
LKA,Sri Lanka,LK.AP,Ampara,20160201,146
LKA,Sri Lanka,LK.AP,Ampara,20160301,67
LKA,Sri Lanka,LK.AP,Ampara,20160401,48
LKA,Sri Lanka,LK.AP,Ampara,20160501,28
LKA,Sri Lanka,LK.AP,Ampara,20160601,40
LKA,Sri Lanka,LK.AP,Ampara,20160701,84
LKA,Sri Lanka,LK.AP,Ampara,20160801,36
LKA,Sri Lanka,LK.AP,Ampara,20160901,50
